smiles,affinity,iteration
COC(=O)c1c(OC(=O)CCc2c(C)[nH]c3ccccc23)ccc2c1CCCC2,-37.76464090323814,-1
COC(=O)c1c(OC(=O)CCc2c[nH]c3cc(C)ccc23)ccc2c1CCCC2,-39.52244360304756,0
COC(=O)c1cc(F)cc(OC(=O)CCc2c[nH]c3cc(C)ccc23)c1,-35.395853704571486,1
Cc1cc(OCCCC2CCC2)cc(C)c1Cl,-33.4982397059048,2
COC(=O)c1c(OC(=O)CCc2c[nH]c3ccc(C)cc23)ccc2c1CCCC2,-40.227594139238114,3
COC(=O)c1c(OC(=O)CCc2c[nH]c3cccc(C)c23)ccc2c1CCCC2,-35.230636078666684,4
COC(=O)Cc1ccccc1OC(=O)CCc1c[nH]c2ccccc12,-33.81118408647624,5
COC(=O)c1c(OC(=O)CCc2c[nH]c3c(C)cccc23)ccc2c1CCCC2,-27.879732855238125,6
COC(=O)C1(OC(=O)CCc2c[nH]c3ccc(C)cc23)CC1,-27.865746305142856,7
O=C(OCc1cc(Cl)cc2c1CCC2)c1[nH]c2c(Br)cccc2c1CCCO,-47.43610274514287,8
O=C(OCc1ccc(Cl)c2c1CCC2)c1[nH]c2c(Br)cccc2c1CCCO,-35.21550982723814,9
O=C(OCc1cc(F)cc2c1CCC2)c1[nH]c2c(Br)cccc2c1CCCO,-46.49352254095236,10
O=C(OCc1ccc(F)c2c1CCC2)c1[nH]c2c(Br)cccc2c1CCCO,-47.63834710761903,11
O=C(OCc1cc(F)c2c(c1)CCC2)c1[nH]c2c(Br)cccc2c1CCCO,-44.26557502380948,12
O=C(OCc1ccc2c(c1F)CCC2)c1[nH]c2c(Br)cccc2c1CCCO,-41.31944504152379,13
O=C(OCc1cc(Br)cc2c1OCC2)c1[nH]c2c(Br)cccc2c1CCCO,-39.42159090000002,14
O=C(OCc1cc(Cl)cc2c1OCC2)c1[nH]c2c(Br)cccc2c1CCCO,-40.77211255085711,15
O=C(OCc1c(F)c(F)cc(F)c1F)c1[nH]c2c(Br)cccc2c1CCCO,-38.42156276266667,16
O=C(OCc1cccc2c1CCC2)c1[nH]c2c(Br)cccc2c1CCCO,-49.43751052609524,17
O=C(O[C@H](CF)c1cccc(F)c1)c1[nH]c2c(Br)cccc2c1CCCO,-40.13445987371432,18
O=C(OCc1ccc2c(c1)CCC2)c1[nH]c2c(Br)cccc2c1CCCO,-42.32520060095237,19
O=C(OC[C@@H]1CCCCC12CCC2)c1[nH]c2c(Br)cccc2c1CCCO,-36.40853005352377,20
O=C(OCc1ccc2c(c1)CC2)c1[nH]c2c(Br)cccc2c1CCCO,-38.89909357657143,21
O=C(OCc1cc(F)nc(F)c1)c1[nH]c2c(Br)cccc2c1CCCO,-38.17630908190477,22
O=C(OCc1cccc2c1CCCC2)c1[nH]c2c(Br)cccc2c1CCCO,-53.876397106857176,23
O=C(OCc1cccc2c1SCCC2)c1[nH]c2c(Br)cccc2c1CCCO,-49.186657427619096,24
O=C(OCc1ccc2c(c1)CCCC2)c1[nH]c2c(Br)cccc2c1CCCO,-44.06218418019047,25
O=C(OCc1cccc2c1OCCC2)c1[nH]c2c(Br)cccc2c1CCCO,-41.47401461733333,26
Cc1[nH]c2ccccc2c1CCC(=O)Oc1cccc2c1CCCC2,-26.961016134666615,27
O=C(OCCc1cc(F)ccc1Br)c1[nH]c2c(Br)cccc2c1CCCO,-26.93674961600006,28
O=C(OCc1ccc2c(c1)CCCS2)c1[nH]c2c(Br)cccc2c1CCCO,-40.78547694990477,29
O=C(OCc1csc(C2CCCC2)n1)c1[nH]c2c(Br)cccc2c1CCCO,-46.8447465179048,30
O=C(OCc1csc(-c2ccsc2)n1)c1[nH]c2c(Br)cccc2c1CCCO,-36.73849988342855,31
O=C(OCc1noc2c1COCC2)c1[nH]c2c(Br)cccc2c1CCCO,-37.618750823428655,32
O=C(OCc1ccc(SC(F)F)cc1)c1[nH]c2c(Br)cccc2c1CCCO,-39.87935820171429,33
O=C(OCc1nc2c(s1)CCCCC2)c1[nH]c2c(Br)cccc2c1CCCO,-33.47402793371429,34
O=C(OCCCSCc1ccccc1)c1[nH]c2c(Br)cccc2c1CCCO,-38.58383986076186,35
O=C(OCc1cc(O)cc(F)c1)c1[nH]c2c(Br)cccc2c1CCCO,-39.40198462666662,36
Cc1cc2c(c(COC(=O)c3[nH]c4c(Br)cccc4c3CCCO)c1)CCC2,-42.96387264266661,37
Cc1cc(COC(=O)c2[nH]c3c(Br)cccc3c2CCCO)cc2c1CCC2,-37.52386572323812,38
O=C(OCc1ccc2c(c1)COC2)c1[nH]c2c(Br)cccc2c1CCCO,-23.65743212933339,39
Cc1ccc(COC(=O)c2[nH]c3c(Br)cccc3c2CCCO)c2c1CCC2,-45.99067935466668,40
O=C(OCc1ccc(CC(F)F)cc1)c1[nH]c2c(Br)cccc2c1CCCO,-40.69053106171428,41
O=C(OCc1ccc(C(F)F)c(F)c1)c1[nH]c2c(Br)cccc2c1CCCO,-29.95103727752381,42
C[C@@H](OC(=O)c1[nH]c2c(Br)cccc2c1CCCO)c1ccc2c(c1)CCC2,-48.19724835904755,43
C[C@H](OC(=O)c1[nH]c2c(Br)cccc2c1CCCO)c1ccc2c(c1)CCC2,-34.278921663238165,44
O=C(OC[C@H]1CCCCC12CCC2)c1[nH]c2c(Br)cccc2c1CCCO,-42.9558523864762,45
O=C(OC[C@H]1CCC12CC2)c1[nH]c2c(Br)cccc2c1CCCO,-29.914141078476234,46
CCc1cc(F)cc(COC(=O)c2[nH]c3c(Br)cccc3c2CCCO)c1,-41.85668686914288,47
CCc1ccc(F)c(COC(=O)c2[nH]c3c(Br)cccc3c2CCCO)c1,-41.120700080380914,48
C=CCc1cccc(COC(=O)c2[nH]c3c(Br)cccc3c2CCCO)c1,-44.30555764247616,49
C=CCc1ccccc1COC(=O)c1[nH]c2c(Br)cccc2c1CCCO,-45.132992614285726,50
CCc1cc(F)ccc1COC(=O)c1[nH]c2c(Br)cccc2c1CCCO,-41.91139577238091,51
CCc1c(F)cccc1COC(=O)c1[nH]c2c(Br)cccc2c1CCCO,-44.69995364,52
CCc1ccc(F)cc1COC(=O)c1[nH]c2c(Br)cccc2c1CCCO,-43.96329536609523,53
CCc1cccc(F)c1COC(=O)c1[nH]c2c(Br)cccc2c1CCCO,-42.56452959219049,54
CCc1cccc(COC(=O)c2[nH]c3c(Br)cccc3c2CCCO)c1F,-45.77733522971428,55
CCc1ccc(COC(=O)c2[nH]c3c(Br)cccc3c2CCCO)cc1F,-39.40699089847618,56
CSc1ccc(Br)cc1COC(=O)c1[nH]c2c(Br)cccc2c1CCCO,-46.830647928952295,57
CCc1ccc(C)cc1COC(=O)c1[nH]c2c(Br)cccc2c1CCCO,-43.734724921523785,58
CCc1ccc(COC(=O)c2[nH]c3c(Br)cccc3c2CCCO)cc1C,-43.903776643047614,59
CCc1cccc(COC(=O)c2[nH]c3c(Br)cccc3c2CCCO)c1C,-45.23664725066671,60
CCc1ccc(COC(=O)c2[nH]c3c(Br)cccc3c2CCCO)c(C)c1,-43.94847285352382,61
CCc1cccc(COC(=O)c2[nH]c3c(Br)cccc3c2CCCO)c1,-43.89439962571426,62
CCc1ccc(C)c(COC(=O)c2[nH]c3c(Br)cccc3c2CCCO)c1,-44.411161620761945,63
CCc1cccc(C)c1COC(=O)c1[nH]c2c(Br)cccc2c1CCCO,-46.76106138495237,64
CCc1c(C)cccc1COC(=O)c1[nH]c2c(Br)cccc2c1CCCO,-32.68198251257146,65
CCc1ccc(COC(=O)c2[nH]c3c(Br)cccc3c2CCCO)c(F)c1,-37.53718984076188,66
CCc1cccc(CC)c1COC(=O)c1[nH]c2c(Br)cccc2c1CCCO,-33.95980822838098,67
CSc1ccc(CCOC(=O)c2[nH]c3c(Br)cccc3c2CCCO)cc1,-29.729552532952415,68
CCNC(=O)c1cccc(COC(=O)c2[nH]c3c(Br)cccc3c2CCCO)c1,-32.41297233542862,69
CCCc1ccccc1COC(=O)c1[nH]c2c(Br)cccc2c1CCCO,-47.71063501161903,70
Cc1cc(F)c(Br)cc1COC(=O)c1[nH]c2c(Br)cccc2c1CCCO,-45.79365726685719,71
CCc1ccccc1CCOC(=O)c1[nH]c2c(Br)cccc2c1CCCO,-39.23819978323812,72
C=CCC1(COC(=O)c2[nH]c3c(Br)cccc3c2CCCO)CCCC1,-34.95324405790471,73
Cc1c(Br)ccc(F)c1COC(=O)c1[nH]c2c(Br)cccc2c1CCCO,-48.28889496647624,74
Cc1cc(Br)cc(C)c1COC(=O)c1[nH]c2c(Br)cccc2c1CCCO,-32.90775996361911,75
CCc1ccccc1COC(=O)c1[nH]c2c(Br)cccc2c1CCCO,-45.483717263809474,76
CCc1cc(C)ccc1COC(=O)c1[nH]c2c(Br)cccc2c1CCCO,-32.510994806476255,77
O=C(OCc1cc(Br)cc(Cl)c1F)c1[nH]c2c(Br)cccc2c1CCCO,-30.46624815561905,78
CC(C)Cc1ccc(COC(=O)c2[nH]c3c(Br)cccc3c2CCCO)cc1,-40.65788165980951,79
CCCc1cccc(COC(=O)c2[nH]c3c(Br)cccc3c2CCCO)n1,-40.04498041714288,80
CCc1cc(COC(=O)c2[nH]c3c(Br)cccc3c2CCCO)ccc1F,-46.03399888190479,81
CCc1cc(COC(=O)c2[nH]c3c(Br)cccc3c2CCCO)ccc1Cl,-46.93997927942856,82
CCc1cc(COC(=O)c2[nH]c3c(Br)cccc3c2CCCO)ccc1C,-33.40790954742855,83
CCc1ccc([N+](=O)[O-])cc1COC(=O)c1[nH]c2c(Br)cccc2c1CCCO,-42.57511507828573,84
CCc1cccnc1COC(=O)c1[nH]c2c(Br)cccc2c1CCCO,-39.72399037504762,85
O=C(OCc1ccccc1CF)c1[nH]c2c(Br)cccc2c1CCCO,-38.046177924761885,86
C#Cc1cc(Br)cc(COC(=O)c2[nH]c3c(Br)cccc3c2CCCO)c1,-46.41796060933332,87
N#Cc1cccc(Br)c1COC(=O)c1[nH]c2c(Br)cccc2c1CCCO,-34.714239749523806,88
CC(C)Cc1ccc([C@H](C)OC(=O)c2[nH]c3c(Br)cccc3c2CCCO)cc1,-40.81599346723809,89
CC(C)Cc1ccc([C@@H](C)OC(=O)c2[nH]c3c(Br)cccc3c2CCCO)cc1,-40.58095815866662,90
CCc1ccc(COC(=O)c2[nH]c3c(Br)cccc3c2CCCO)cc1,-43.17434708190476,91
CCCCc1ccc(COC(=O)c2[nH]c3c(Br)cccc3c2CCCO)cc1,-33.03321261371428,92
COC(=O)c1cc(F)cc(COC(=O)c2[nH]c3c(Br)cccc3c2CCCO)c1,-39.75869968000002,93
CCc1ncccc1COC(=O)c1[nH]c2c(Br)cccc2c1CCCO,-36.51503043866662,94
Cc1cc(I)cc(COC(=O)c2[nH]c3c(Br)cccc3c2CCCO)c1,-41.18783410457141,95
O=C(COC(=O)c1[nH]c2c(Br)cccc2c1CCCO)c1cc(F)c(Br)cc1O,-31.340518882095285,96
CC[C@@H](C)c1ccccc1COC(=O)c1[nH]c2c(Br)cccc2c1CCCO,-45.476659192000014,97
CC[C@H](C)c1ccccc1COC(=O)c1[nH]c2c(Br)cccc2c1CCCO,-32.73415131199998,98
Cc1cc(F)cc(COC(=O)c2[nH]c3c(Br)cccc3c2CCCO)c1,-37.40450371104762,99
CCc1ccc2[nH]c(C(=O)OCC=CBr)c(C)c2c1,-29.5144146470476,100
N#Cc1c(F)ccc(Br)c1COC(=O)c1[nH]c2c(Br)cccc2c1CCCO,-34.561530475618966,101
CC(C)c1cccc(COC(=O)c2[nH]c3c(Br)cccc3c2CCCO)c1,-43.75209918342866,102
Cc1cc(COC(=O)c2[nH]c3c(Br)cccc3c2CCCO)ccc1C(C)C,-46.991555781523765,103
CC(C)c1ccccc1COC(=O)c1[nH]c2c(Br)cccc2c1CCCO,-42.51459438838094,104
CC(C)COc1cccc(COC(=O)c2[nH]c3c(Br)cccc3c2CCCO)c1,-37.34520622304765,105
Cc1ccc(C(C)C)cc1COC(=O)c1[nH]c2c(Br)cccc2c1CCCO,-39.38356117904765,106
CCC(C)(C)c1ccc(COC(=O)c2[nH]c3c(Br)cccc3c2CCCO)cc1,-34.09550346838089,107
Cc1cc(F)ccc1[C@@H](C)OC(=O)c1[nH]c2c(Br)cccc2c1CCCO,-30.69595903714289,108
Cc1cccc(COC(=O)c2[nH]c3c(Br)cccc3c2CCCO)c1C,-44.58541088304763,109
CSc1ccccc1COC(=O)c1[nH]c2c(Br)cccc2c1CCCO,-44.96651828952383,110
CSc1cccc(COC(=O)c2[nH]c3c(Br)cccc3c2CCCO)c1,-29.2003173750476,111
C[C@@H](COC(=O)c1[nH]c2c(Br)cccc2c1CCCO)CC1CCCC1,-44.62662421885716,112
Cc1cccc(CCCOC(=O)c2[nH]c3c(Br)cccc3c2CCCO)c1,-31.64489245980955,113
CCSc1ccccc1COC(=O)c1[nH]c2c(Br)cccc2c1CCCO,-38.16730033657144,114
CC[C@@H](COC(=O)c1[nH]c2c(Br)cccc2c1CCCO)CC(C)C,-36.284207872,115
O=C(OCc1cccc(C2CC2)c1)c1[nH]c2c(Br)cccc2c1CCCO,-40.32783981199994,116
O=C(OCc1cccc(C(F)F)c1)c1[nH]c2c(Br)cccc2c1CCCO,-39.28959682266669,117
Cc1cc(COC(=O)c2[nH]c3c(Br)cccc3c2CCCO)ccc1N(C)C,-31.19317369542862,118
CCCc1ccc(COC(=O)c2[nH]c3c(Br)cccc3c2CCCO)cc1,-41.340111879238144,119
CCC1(COC(=O)c2[nH]c3c(Br)cccc3c2CCCO)CCCCC1,-35.80299189847617,120
C=CC[C@@H]1CCCCN1C(=O)c1[nH]c2c(Br)cccc2c1CCCO,-39.53729498380949,121
C=CC[C@H]1CCCCN1C(=O)c1[nH]c2c(Br)cccc2c1CCCO,-37.76652504457147,122
O=C(OCc1cccc(F)c1Br)c1[nH]c2c(Br)cccc2c1CCCO,-41.86747125542868,123
O=C(OCc1cc(F)cc(Br)c1Cl)c1[nH]c2c(Br)cccc2c1CCCO,-41.77162796380957,124
O=C(OCc1cccc(F)c1I)c1[nH]c2c(Br)cccc2c1CCCO,-44.400024718285714,125
O=C(OCc1ccc(F)cc1I)c1[nH]c2c(Br)cccc2c1CCCO,-42.54045416476188,126
O=C(OCc1ccc(I)cc1F)c1[nH]c2c(Br)cccc2c1CCCO,-39.636135638476254,127
O=C(OCc1cc(F)c(F)cc1I)c1[nH]c2c(Br)cccc2c1CCCO,-46.6350302889524,128
O=C(OCc1ccc(Br)cc1I)c1[nH]c2c(Br)cccc2c1CCCO,-36.34758884838094,129
O=C(OCc1cc(F)cc(F)c1Br)c1[nH]c2c(Br)cccc2c1CCCO,-43.96428859885713,130
O=C(OCc1cc(F)c(F)cc1Br)c1[nH]c2c(Br)cccc2c1CCCO,-40.89911362666668,131
O=C(OCc1ccc(F)c(F)c1Br)c1[nH]c2c(Br)cccc2c1CCCO,-45.27453532666662,132
O=C(OCc1c(F)cc(F)cc1Br)c1[nH]c2c(Br)cccc2c1CCCO,-47.112834803999895,133
O=C(OCc1c(F)ccc(F)c1Br)c1[nH]c2c(Br)cccc2c1CCCO,-44.61055843123809,134
O=C(OCc1c(F)cc(Br)cc1Cl)c1[nH]c2c(Br)cccc2c1CCCO,-37.723475036761904,135
O=C(OCc1c(F)cc(Br)cc1Br)c1[nH]c2c(Br)cccc2c1CCCO,-36.85952402247615,136
O=C(OCc1c(F)cccc1I)c1[nH]c2c(Br)cccc2c1CCCO,-41.56265879371429,137
O=C(OCc1cc(F)c(F)c(F)c1F)c1[nH]c2c(Br)cccc2c1CCCO,-45.198324588000006,138
O=C(OCc1c(F)c(F)c(F)c(F)c1F)c1[nH]c2c(Br)cccc2c1CCCO,-42.62671859866661,139
O=C(OCc1cc(F)c(F)c(Cl)c1F)c1[nH]c2c(Br)cccc2c1CCCO,-37.86369830323806,140
O=C(OCc1cc(F)c(F)c(F)c1)c1[nH]c2c(Br)cccc2c1CCCO,-44.92032926800002,141
O=C(OCc1cc(F)c(Br)c(F)c1)c1[nH]c2c(Br)cccc2c1CCCO,-37.2285542198095,142
COc1c(F)c(F)cc(COC(=O)c2[nH]c3c(Br)cccc3c2CCCO)c1F,-35.40453598819052,143
O=C(OCc1ccc(F)c(F)c1F)c1[nH]c2c(Br)cccc2c1CCCO,-43.58213793847621,144
O=C(OCc1c(F)ccc(F)c1F)c1[nH]c2c(Br)cccc2c1CCCO,-36.54197960723805,145
O=C(OCc1cc(Br)c(F)cc1F)c1[nH]c2c(Br)cccc2c1CCCO,-40.50697977390483,146
O=C(OCc1ccc(F)cc1Br)c1[nH]c2c(Br)cccc2c1CCCO,-49.16623231961898,147
O=C(OCc1cc(F)ccc1Br)c1[nH]c2c(Br)cccc2c1CCCO,-44.27145394019044,148
O=C(OCc1cccc(Br)c1F)c1[nH]c2c(Br)cccc2c1CCCO,-31.98363933999994,149
O=C(OCCc1ccc(F)cc1I)c1[nH]c2c(Br)cccc2c1CCCO,-33.64197589676195,150
O=C(OCc1c(F)cc(Cl)cc1F)c1[nH]c2c(Br)cccc2c1CCCO,-41.6962100173334,151
O=C(OCc1cc(Cl)c(F)cc1F)c1[nH]c2c(Br)cccc2c1CCCO,-40.86998160819051,152
O=C(OCc1c(F)cc(F)cc1F)c1[nH]c2c(Br)cccc2c1CCCO,-39.00444860571426,153
O=C(OCc1c(F)ccc(Cl)c1Br)c1[nH]c2c(Br)cccc2c1CCCO,-43.75316043219051,154
O=C(OCc1c(F)ccc(Br)c1Cl)c1[nH]c2c(Br)cccc2c1CCCO,-49.23936237885717,155
O=C(OCc1cc(F)c(Cl)cc1Cl)c1[nH]c2c(Br)cccc2c1CCCO,-37.2004303914285,156
O=C(OCc1c(F)ccc(Br)c1F)c1[nH]c2c(Br)cccc2c1CCCO,-42.37982156914283,157
O=C(OCc1c(F)c(F)c(Br)c(F)c1F)c1[nH]c2c(Br)cccc2c1CCCO,-34.8355304026667,158
O=C(OCc1cc(F)ccc1Cl)c1[nH]c2c(Br)cccc2c1CCCO,-42.335136871238106,159
O=C(OCc1cccc(F)c1F)c1[nH]c2c(Br)cccc2c1CCCO,-39.94189255847621,160
O=C(OCc1c(Cl)ccc(Cl)c1Cl)c1[nH]c2c(Br)cccc2c1CCCO,-48.823495144380985,161
O=C(OCc1cc(Cl)cc(Cl)c1Cl)c1[nH]c2c(Br)cccc2c1CCCO,-43.358735814857134,162
O=C(OCc1cc(Cl)cc(Cl)c1Br)c1[nH]c2c(Br)cccc2c1CCCO,-39.46125965676189,163
O=C(OCc1c(Cl)cc(Cl)cc1Cl)c1[nH]c2c(Br)cccc2c1CCCO,-46.44817981447616,164
O=C(OCc1c(Cl)cc(Br)cc1Cl)c1[nH]c2c(Br)cccc2c1CCCO,-36.1530322365714,165
O=C(OCc1cc(Cl)c(F)c(Cl)c1)c1[nH]c2c(Br)cccc2c1CCCO,-36.22703154152384,166
C[C@@H](OC(=O)c1[nH]c2c(Br)cccc2c1CCCO)c1c(Cl)ccc(F)c1Cl,-34.14461899314291,167
O=C(OCc1ccc(Cl)cc1I)c1[nH]c2c(Br)cccc2c1CCCO,-41.78172568266666,168
O=C(OCc1cccc(Cl)c1Br)c1[nH]c2c(Br)cccc2c1CCCO,-43.08993214609521,169
O=C(OCc1cc(Cl)ccc1I)c1[nH]c2c(Br)cccc2c1CCCO,-35.11503448666666,170
O=C(OCc1cccc(F)c1Cl)c1[nH]c2c(Br)cccc2c1CCCO,-45.65371317180952,171
O=C(OCc1cccc(Br)c1Cl)c1[nH]c2c(Br)cccc2c1CCCO,-32.76673151619046,172
O=C(OCc1csc2c(F)cccc12)c1[nH]c2c(Br)cccc2c1CCCO,-40.65304333961902,173
O=C(OCc1cc(F)c(Cl)cc1F)c1[nH]c2c(Br)cccc2c1CCCO,-31.82191281657149,174
O=C(OCc1cc(I)ccc1Br)c1[nH]c2c(Br)cccc2c1CCCO,-41.104215903047645,175
O=C(OCc1cc(I)ccc1Cl)c1[nH]c2c(Br)cccc2c1CCCO,-41.24408561009521,176
O=C(OCc1csc2cccc(Cl)c12)c1[nH]c2c(Br)cccc2c1CCCO,-41.41221095295239,177
O=C(OCc1cccc(Br)c1Br)c1[nH]c2c(Br)cccc2c1CCCO,-37.09772369523801,178
O=C(OCc1csc2ccc(F)cc12)c1[nH]c2c(Br)cccc2c1CCCO,-36.57575892628576,179
O=C(OCc1cc(F)cc(C(F)(F)F)c1)c1[nH]c2c(Br)cccc2c1CCCO,-42.894062512761934,180
O=C(OCc1c(Cl)ccc([N+](=O)[O-])c1Cl)c1[nH]c2c(Br)cccc2c1CCCO,-51.49936725428576,181
O=C(OCc1cccc([N+](=O)[O-])c1Cl)c1[nH]c2c(Br)cccc2c1CCCO,-39.83954372647619,182
O=C(OCc1cccc(Cl)c1[N+](=O)[O-])c1[nH]c2c(Br)cccc2c1CCCO,-33.10630882628566,183
O=C(OCc1cccc(C(F)(F)F)c1Cl)c1[nH]c2c(Br)cccc2c1CCCO,-29.61609702057143,184
O=C(OCc1c(F)cc([N+](=O)[O-])cc1F)c1[nH]c2c(Br)cccc2c1CCCO,-30.0958170283809,185
O=C(OCc1c(Cl)cccc1Br)c1[nH]c2c(Br)cccc2c1CCCO,-44.34454698933333,186
O=C(OCc1cc(Cl)c(Cl)cc1Cl)c1[nH]c2c(Br)cccc2c1CCCO,-33.70310223676192,187
Cc1c(Br)ncc(F)c1COC(=O)c1[nH]c2c(Br)cccc2c1CCCO,-23.708424270285697,188
O=C(OCc1csc2c(Br)cccc12)c1[nH]c2c(Br)cccc2c1CCCO,-34.92435398342854,189
O=C(OCc1cccc(Cl)c1Cl)c1[nH]c2c(Br)cccc2c1CCCO,-26.40028359371426,190
O=C(OCc1c(F)cccc1Br)c1[nH]c2c(Br)cccc2c1CCCO,-41.4171026521905,191
O=C(OCc1ccccc1C1CC1)c1[nH]c2c(Br)cccc2c1CCCO,-42.61935394552381,192
O=C(OCc1ccc(F)c(I)c1)c1[nH]c2c(Br)cccc2c1CCCO,-43.63351808666666,193
O=C(OCc1c(Br)ccc(F)c1F)c1[nH]c2c(Br)cccc2c1CCCO,-43.06839683961916,194
O=C(OCc1c(Br)ccc(Cl)c1F)c1[nH]c2c(Br)cccc2c1CCCO,-49.410258420000034,195
O=C(OCc1c(Cl)ccc(Br)c1F)c1[nH]c2c(Br)cccc2c1CCCO,-31.888066441523783,196
O=C(OCc1cc(I)ccc1F)c1[nH]c2c(Br)cccc2c1CCCO,-41.16322802895236,197
O=C(OCc1cc(F)cc(F)c1)c1[nH]c2c(Br)cccc2c1CCCO,-36.73579898133336,198
C[C@H](OC(=O)c1[nH]c2c(Br)cccc2c1CCCO)c1c(Cl)ccc(F)c1Cl,-34.06119676723808,199
O=C(OCc1cc(Br)cc(I)c1)c1[nH]c2c(Br)cccc2c1CCCO,-39.929059038666665,200
O=C(OCc1c(F)cc(Br)cc1F)c1[nH]c2c(Br)cccc2c1CCCO,-33.5065584739048,201
O=C(OCc1cccc(O)c1Br)c1[nH]c2c(Br)cccc2c1CCCO,-28.037052312952436,202
O=C(OCc1ccc(C2CC2)cc1)c1[nH]c2c(Br)cccc2c1CCCO,-42.77681305885709,203
O=C(OCc1ccc(C(F)F)cc1)c1[nH]c2c(Br)cccc2c1CCCO,-40.21781868857141,204
O=C(OCc1ccccc1C(F)F)c1[nH]c2c(Br)cccc2c1CCCO,-35.055446459238155,205
O=C(OCC#CC1CCCCC1)c1[nH]c2c(Br)cccc2c1CCCO,-35.88040467542859,206
O=C(OCc1ccc(I)cc1Cl)c1[nH]c2c(Br)cccc2c1CCCO,-32.59465573561914,207
O=C(OCc1cc(F)c(F)cc1F)c1[nH]c2c(Br)cccc2c1CCCO,-43.37989982304766,208
O=C(OCc1c(F)cccc1F)c1[nH]c2c(Br)cccc2c1CCCO,-35.34955990438101,209
Cc1ccc(F)c(COC(=O)c2[nH]c3c(Br)cccc3c2CCCO)c1Br,-47.72319082190482,210
Cc1c(F)c(F)c(COC(=O)c2[nH]c3c(Br)cccc3c2CCCO)c(F)c1F,-36.75781352704757,211
Cc1ccc(F)c(COC(=O)c2[nH]c3c(Br)cccc3c2CCCO)c1Cl,-48.673057887428506,212
Cc1ccc(F)c(COC(=O)c2[nH]c3c(Br)cccc3c2CCCO)c1F,-43.85957910819049,213
Cc1c(Cl)ccc(COC(=O)c2[nH]c3c(Br)cccc3c2CCCO)c1Cl,-43.02923304704761,214
Cc1cccc(COC(=O)c2[nH]c3c(Br)cccc3c2CCCO)c1Br,-44.55848186685704,215
Cc1cccc(COC(=O)c2[nH]c3c(Br)cccc3c2CCCO)c1F,-39.05494940400003,216
Cc1cc(F)c(COC(=O)c2[nH]c3c(Br)cccc3c2CCCO)cc1F,-28.599648368952405,217
O=C(OCc1csc2cccc(F)c12)c1[nH]c2c(Br)cccc2c1CCCO,-38.181230228190486,218
O=C(OCc1cc(Cl)cc(Cl)c1F)c1[nH]c2c(Br)cccc2c1CCCO,-42.70648378914281,219
COc1c(Cl)ccc(Cl)c1COC(=O)c1[nH]c2c(Br)cccc2c1CCCO,-52.51388878495241,220
COc1cccc(Cl)c1COC(=O)c1[nH]c2c(Br)cccc2c1CCCO,-48.32673431200003,221
COc1c(Cl)cccc1COC(=O)c1[nH]c2c(Br)cccc2c1CCCO,-41.14946650457146,222
CCOc1cccc(Cl)c1COC(=O)c1[nH]c2c(Br)cccc2c1CCCO,-39.42465679142855,223
Cc1c(COC(=O)c2[nH]c3c(Br)cccc3c2CCCO)ccc(Cl)c1Cl,-33.95956519047616,224
O=C(OCC#Cc1cccc(Cl)c1Cl)c1[nH]c2c(Br)cccc2c1CCCO,-35.87671331657141,225
COc1cc(Cl)cc(COC(=O)c2[nH]c3c(Br)cccc3c2CCCO)c1,-41.18983428095234,226
COc1cccc(COC(=O)c2[nH]c3c(Br)cccc3c2CCCO)c1Cl,-42.76562945885713,227
COc1cc(Br)cc(COC(=O)c2[nH]c3c(Br)cccc3c2CCCO)c1I,-46.218825211047616,228
Cc1cccc(COC(=O)c2[nH]c3c(Br)cccc3c2CCCO)c1Cl,-45.981136667047664,229
COc1cccc(Br)c1COC(=O)c1[nH]c2c(Br)cccc2c1CCCO,-38.95110172057143,230
Cc1cccc(COC(=O)c2[nH]c3c(Br)cccc3c2CCCO)c1I,-37.51951094780956,231
CSc1ccc(COC(=O)c2[nH]c3c(Br)cccc3c2CCCO)cc1Cl,-40.17326543238095,232
COc1cc(Br)cc(COC(=O)c2[nH]c3c(Br)cccc3c2CCCO)c1,-40.07034851542858,233
Cc1c(Cl)cc(COC(=O)c2[nH]c3c(Br)cccc3c2CCCO)cc1I,-41.50435580971431,234
Cc1cc(Br)c(COC(=O)c2[nH]c3c(Br)cccc3c2CCCO)cc1Cl,-50.49749131942853,235
Cc1cc(Cl)c(COC(=O)c2[nH]c3c(Br)cccc3c2CCCO)cc1Br,-35.76113432190475,236
Cc1ccc(COC(=O)c2[nH]c3c(Br)cccc3c2CCCO)cc1Cl,-44.77338868190473,237
Cc1ccc(COC(=O)c2[nH]c3c(Br)cccc3c2CCCO)cc1Br,-44.517988501142845,238
Cc1c(Cl)cc(COC(=O)c2[nH]c3c(Br)cccc3c2CCCO)cc1Br,-48.72640514114288,239
Cc1cc(Cl)cc(COC(=O)c2[nH]c3c(Br)cccc3c2CCCO)c1,-33.60457938380952,240
Cc1c(Br)sc(COC(=O)c2[nH]c3c(Br)cccc3c2CCCO)c1Br,-37.399059149142815,241
Cc1cc(Cl)c(COC(=O)c2[nH]c3c(Br)cccc3c2CCCO)c(Cl)c1,-44.40202892647614,242
Cc1ccc(COC(=O)c2[nH]c3c(Br)cccc3c2CCCO)nc1Cl,-31.167778851047583,243
O=C(OCCOc1c(Cl)cccc1Cl)c1[nH]c2c(Br)cccc2c1CCCO,-39.437374767619005,244
Cc1cc(F)c(COC(=O)c2[nH]c3c(Br)cccc3c2CCCO)c(Br)c1,-47.75318378323805,245
CCSc1ccc(COC(=O)c2[nH]c3c(Br)cccc3c2CCCO)c(Br)c1,-32.57919471809525,246
COc1ccc(Cl)cc1COC(=O)c1[nH]c2c(Br)cccc2c1CCCO,-46.8427771918095,247
COc1cc(Cl)ccc1COC(=O)c1[nH]c2c(Br)cccc2c1CCCO,-45.944188087047664,248
COc1ccc(Cl)c(COC(=O)c2[nH]c3c(Br)cccc3c2CCCO)c1,-38.62483957142862,249
COc1cc(Br)ccc1COC(=O)c1[nH]c2c(Br)cccc2c1CCCO,-43.400361448190495,250
COc1ccc(COC(=O)c2[nH]c3c(Br)cccc3c2CCCO)cc1Br,-32.59889831752373,251
Cc1cc(COC(=O)c2[nH]c3c(Br)cccc3c2CCCO)ccc1Cl,-44.14601649504758,252
Cc1c(CCOC(=O)c2[nH]c3c(Br)cccc3c2CCCO)ccc(Cl)c1Cl,-29.308711778095237,253
COc1ccc(I)c(COC(=O)c2[nH]c3c(Br)cccc3c2CCCO)c1,-31.98855889276188,254
O=C(OCc1cc(F)cc(Cl)c1)c1[nH]c2c(Br)cccc2c1CCCO,-44.16670474704769,255
COc1cc(Cl)c(Br)cc1COC(=O)c1[nH]c2c(Br)cccc2c1CCCO,-48.89911446780956,256
CCCOc1ccc(Cl)cc1COC(=O)c1[nH]c2c(Br)cccc2c1CCCO,-45.09831460800004,257
COc1ccc(Br)cc1COC(=O)c1[nH]c2c(Br)cccc2c1CCCO,-43.87399885257141,258
COc1cc(Cl)ccc1CCOC(=O)c1[nH]c2c(Br)cccc2c1CCCO,-35.41644255390481,259
O=C(OCc1cc(F)cc(Br)c1)c1[nH]c2c(Br)cccc2c1CCCO,-36.63392986266666,260
CC(C)COc1ccccc1COC(=O)c1[nH]c2c(Br)cccc2c1CCCO,-37.52785976247616,261
C=C(Cl)COC(=O)c1[nH]c2cc(F)cc(F)c2c1C,-26.37142514742853,262
CCOc1cc(Br)ccc1COC(=O)c1[nH]c2c(Br)cccc2c1CCCO,-40.451901168190425,263
Cc1cccc(Br)c1COC(=O)c1[nH]c2c(Br)cccc2c1CCCO,-49.02470854361911,264
Cc1c(Br)cccc1COC(=O)c1[nH]c2c(Br)cccc2c1CCCO,-30.250251607999985,265
O=C(OCc1cc(Cl)cc(Br)c1F)c1[nH]c2c(Br)cccc2c1CCCO,-36.04944729447613,266
Cc1cccc(Cl)c1COC(=O)c1[nH]c2c(Br)cccc2c1CCCO,-41.69695956400001,267
CCOc1ccc(COC(=O)c2[nH]c3c(Br)cccc3c2CCCO)cc1Cl,-33.28533495219048,268
Cc1cc(Cl)cc(C)c1COC(=O)c1[nH]c2c(Br)cccc2c1CCCO,-44.90010168914286,269
Cc1cc(Cl)c(COC(=O)c2[nH]c3c(Br)cccc3c2CCCO)cc1C,-32.82411877161904,270
CSc1c(Br)cccc1COC(=O)c1[nH]c2c(Br)cccc2c1CCCO,-46.52970468685712,271
Cc1ccc(Br)cc1COC(=O)c1[nH]c2c(Br)cccc2c1CCCO,-39.71193515809529,272
Cc1cc(Br)ccc1COC(=O)c1[nH]c2c(Br)cccc2c1CCCO,-39.76282078514288,273
Cc1cc(Br)cc(COC(=O)c2[nH]c3c(Br)cccc3c2CCCO)c1,-43.27724689904755,274
O=C(OCc1cc(Cl)cc(I)c1)c1[nH]c2c(Br)cccc2c1CCCO,-42.3095208392381,275
O=C(OCc1cc(Br)cc(C(F)(F)F)c1)c1[nH]c2c(Br)cccc2c1CCCO,-33.88438889257141,276
Cc1ccc(I)cc1COC(=O)c1[nH]c2c(Br)cccc2c1CCCO,-43.20843348076188,277
Cc1c(I)cccc1COC(=O)c1[nH]c2c(Br)cccc2c1CCCO,-46.758228432761925,278
Cc1cc(I)ccc1COC(=O)c1[nH]c2c(Br)cccc2c1CCCO,-44.3205891146666,279
Cc1c(Cl)cccc1COC(=O)c1[nH]c2c(Br)cccc2c1CCCO,-34.795301522857145,280
CCCOc1cc(Br)ccc1COC(=O)c1[nH]c2c(Br)cccc2c1CCCO,-42.86626865961905,281
CCCOc1ccc(Br)cc1COC(=O)c1[nH]c2c(Br)cccc2c1CCCO,-36.22976465561909,282
Cc1c(Br)cc(COC(=O)c2[nH]c3c(Br)cccc3c2CCCO)cc1[N+](=O)[O-],-47.91899054190481,283
Cc1cc(COC(=O)c2[nH]c3c(Br)cccc3c2CCCO)ccc1Br,-36.76071229047624,284
O=C(OCc1c(Br)cccc1[N+](=O)[O-])c1[nH]c2c(Br)cccc2c1CCCO,-43.96550977047613,285
O=C(OCc1cc(Br)ccc1[N+](=O)[O-])c1[nH]c2c(Br)cccc2c1CCCO,-32.4815948291429,286
Cc1ccc(I)c(COC(=O)c2[nH]c3c(Br)cccc3c2CCCO)c1,-33.41970485257147,287
Cc1c(F)cccc1COC(=O)c1[nH]c2c(Br)cccc2c1CCCO,-34.91638168057141,288
O=C(OCc1ccc(Cl)c(I)c1)c1[nH]c2c(Br)cccc2c1CCCO,-44.84051957333333,289
O=C(OCc1ccc(I)c(Cl)c1)c1[nH]c2c(Br)cccc2c1CCCO,-36.551844552380935,290
O=C(OCc1cc(I)cc(I)c1)c1[nH]c2c(Br)cccc2c1CCCO,-30.71419130571427,291
COc1c(Br)cnc(COC(=O)c2[nH]c3c(Br)cccc3c2CCCO)c1C,-34.97571751257146,292
Cc1ccc(Cl)cc1COC(=O)c1[nH]c2c(Br)cccc2c1CCCO,-39.36185625219049,293
Cc1cccc(C)c1COC(=O)c1[nH]c2c(Br)cccc2c1CCCO,-38.78802433066669,294
O=C(OCCOc1c(Br)cccc1Br)c1[nH]c2c(Br)cccc2c1CCCO,-33.19460825695236,295
O=C(OCc1ccc(Cl)c(Br)c1F)c1[nH]c2c(Br)cccc2c1CCCO,-40.50202066095242,296
O=C(OCc1ccc(Br)c(Cl)c1F)c1[nH]c2c(Br)cccc2c1CCCO,-43.3354450106667,297
O=C(OCc1ccc(Cl)c(F)c1F)c1[nH]c2c(Br)cccc2c1CCCO,-39.53635624723804,298
O=C(OCc1cc(Br)cc(F)c1F)c1[nH]c2c(Br)cccc2c1CCCO,-44.60251125219047,299
O=C(OCc1cc(F)c(Br)cc1F)c1[nH]c2c(Br)cccc2c1CCCO,-39.57006037276187,300
O=C(OCc1ccc(Br)c(F)c1F)c1[nH]c2c(Br)cccc2c1CCCO,-40.14492205542861,301
N#Cc1ccc(Br)cc1COC(=O)c1[nH]c2c(Br)cccc2c1CCCO,-34.78774386876192,302
COc1cc(Br)c(COC(=O)c2[nH]c3c(Br)cccc3c2CCCO)cc1F,-45.718227389714215,303
COc1ccc(Cl)c(COC(=O)c2[nH]c3c(Br)cccc3c2CCCO)c1F,-43.25876611409527,304
O=C(OCc1cc(I)c(F)cc1F)c1[nH]c2c(Br)cccc2c1CCCO,-43.964888211809566,305
O=C(OCc1cc(Br)c(F)c(I)c1)c1[nH]c2c(Br)cccc2c1CCCO,-42.480836822476185,306
O=C(OCc1cc(Br)c(F)c(Br)c1)c1[nH]c2c(Br)cccc2c1CCCO,-41.983423859809534,307
O=C(OCc1cc(Br)c(Cl)cc1I)c1[nH]c2c(Br)cccc2c1CCCO,-37.41729388209531,308
COc1cc(Cl)cc(CCOC(=O)c2[nH]c3c(Br)cccc3c2CCCO)c1,-41.74240929371428,309
COc1ccc(Br)c(COC(=O)c2[nH]c3c(Br)cccc3c2CCCO)c1,-38.33986177028571,310
Cc1ccc(Br)c(COC(=O)c2[nH]c3c(Br)cccc3c2CCCO)c1,-41.47518558761904,311
COc1cc(C)c(Br)c(COC(=O)c2[nH]c3c(Br)cccc3c2CCCO)c1,-48.31609395257139,312
Cc1ccc(C(C)C)c(COC(=O)c2[nH]c3c(Br)cccc3c2CCCO)c1,-42.43859271161905,313
Cc1cc(C)c(C)c(COC(=O)c2[nH]c3c(Br)cccc3c2CCCO)c1,-44.885017065523776,314
Cc1c(C)c(C)c(COC(=O)c2[nH]c3c(Br)cccc3c2CCCO)c(C)c1C,-37.97535147047616,315
Cc1ccc(COC(=O)c2[nH]c3c(Br)cccc3c2CCCO)c(Cl)c1,-42.887304726476216,316
Cc1ccc(COC(=O)c2[nH]c3c(Br)cccc3c2CCCO)cc1I,-44.23053882514283,317
Cc1cc(COC(=O)c2[nH]c3c(Br)cccc3c2CCCO)ccc1I,-44.43065427238099,318
Cc1cc(COC(=O)c2[nH]c3c(Br)cccc3c2CCCO)c(C)cc1I,-45.909799898666655,319
Cc1ccc(COC(=O)c2[nH]c3c(Br)cccc3c2CCCO)c(Br)c1,-43.72845048799997,320
Cc1cc(COC(=O)c2[nH]c3c(Br)cccc3c2CCCO)ccc1F,-29.784374076000013,321
Cc1ccc(Cl)c(COC(=O)c2[nH]c3c(Br)cccc3c2CCCO)c1,-46.43015824971427,322
Cc1cc(Cl)c(COC(=O)c2[nH]c3c(Br)cccc3c2CCCO)c(Cl)n1,-45.899055811238135,323
Cc1cc(C)c(COC(=O)c2[nH]c3c(Br)cccc3c2CCCO)c(C)c1,-43.92660540704759,324
CCc1ccc(COC(=O)c2[nH]c3c(Br)cccc3c2CCCO)nc1,-39.13149886799998,325
Cc1cc(COC(=O)c2[nH]c3c(Br)cccc3c2CCCO)cc(C)c1Br,-37.243558951619086,326
O=C(OCc1cccc(I)n1)c1[nH]c2c(Br)cccc2c1CCCO,-43.17706000038093,327
COc1ccc(COC(=O)c2[nH]c3c(Br)cccc3c2CCCO)cc1[N+](=O)[O-],-30.36400035714285,328
O=C(OCc1cc(Cl)c(Br)c(Cl)c1)c1[nH]c2c(Br)cccc2c1CCCO,-44.59671095123808,329
O=C(OCc1ccc(I)c(Br)c1)c1[nH]c2c(Br)cccc2c1CCCO,-33.14871537619037,330
Cc1cc(C)c(COC(=O)c2[nH]c3c(Br)cccc3c2CCCO)c(C)c1O,-43.67859219542864,331
Cc1c(C)c(COC(=O)c2[nH]c3c(Br)cccc3c2CCCO)c(C)c(C)c1Br,-35.36124761619048,332
CCc1nn(C)c(COC(=O)c2[nH]c3c(Br)cccc3c2CCCO)c1Cl,-48.31184407599997,333
Cc1nn(C)c(COC(=O)c2[nH]c3c(Br)cccc3c2CCCO)c1Br,-45.34220876761902,334
CCn1nc(COC(=O)c2[nH]c3c(Br)cccc3c2CCCO)cc1Cl,-31.072933750095245,335
COC(=O)c1cccc(COC(=O)c2[nH]c3c(Br)cccc3c2CCCO)c1Cl,-40.94016761371433,336
CC(C)c1cccc(COC(=O)c2[nH]c3c(Br)cccc3c2CCCO)n1,-43.45617992552381,337
Cn1cccc(COC(=O)c2[nH]c3c(Br)cccc3c2CCCO)c1=O,-35.66511438495239,338
CC(C)c1cc(COC(=O)c2[nH]c3c(Br)cccc3c2CCCO)[nH]n1,-31.6712029211429,339
O=C(OCCc1cc(Cl)cc(Cl)c1)c1[nH]c2c(Br)cccc2c1CCCO,-46.28095879790479,340
O=C(OCCOc1cc(Cl)cc(Cl)c1)c1[nH]c2c(Br)cccc2c1CCCO,-31.902898259999983,341
COC(=O)c1cccc(Cl)c1COC(=O)c1[nH]c2c(Br)cccc2c1CCCO,-45.920236296952346,342
COC(=O)c1cc(Cl)cc(COC(=O)c2[nH]c3c(Br)cccc3c2CCCO)n1,-32.469658299428566,343
O=C(OCc1cc(Br)c(Cl)c(Br)c1)c1[nH]c2c(Br)cccc2c1CCCO,-35.36123008571426,344
CC[C@@H](OC(=O)c1[nH]c2c(Br)cccc2c1CCCO)C1CCCCC1,-30.3984068060952,345
O=C(OCCc1cccc(Cl)c1Cl)c1[nH]c2c(Br)cccc2c1CCCO,-29.763681067619064,346
COc1ccc(C(C)C)cc1COC(=O)c1[nH]c2c(Br)cccc2c1CCCO,-48.05397436590474,347
COC(=O)c1cccc(COC(=O)c2[nH]c3c(Br)cccc3c2CCCO)c1Br,-33.373691435809604,348
Cc1cc(C)cc(COC(=O)c2[nH]c3c(Br)cccc3c2CCCO)c1,-41.59190929085717,349
Cc1cc(Cl)ccc1COC(=O)c1[nH]c2c(Br)cccc2c1CCCO,-46.666319901714346,350
O=C(OCc1cc(Cl)cc(Br)c1)c1[nH]c2c(Br)cccc2c1CCCO,-43.5802370217143,351
COc1c(C)cc(C)cc1COC(=O)c1[nH]c2c(Br)cccc2c1CCCO,-37.99069212266668,352
CC(C)c1ccc(COC(=O)c2[nH]c3c(Br)cccc3c2CCCO)cc1,-49.64279187466669,353
CC[C@H](C)c1ccc(COC(=O)c2[nH]c3c(Br)cccc3c2CCCO)cc1,-33.050212108190415,354
O=C(OCc1ccc(F)c(Cl)c1)c1[nH]c2c(Br)cccc2c1CCCO,-44.722345833333335,355
O=C(OCc1ccc(Br)c(Cl)c1)c1[nH]c2c(Br)cccc2c1CCCO,-45.31969570019045,356
O=C(OCc1ccc(F)c(Br)c1)c1[nH]c2c(Br)cccc2c1CCCO,-35.80121443047616,357
O=C(OCc1cc(Cl)cc(Cl)c1)c1[nH]c2c(Br)cccc2c1CCCO,-41.94947820914288,358
O=C(OCc1ccc(Cl)c(Cl)c1)c1[nH]c2c(Br)cccc2c1CCCO,-28.64803277828564,359
Cc1ccc(C)c(COC(=O)c2[nH]c3c(Br)cccc3c2CCCO)c1,-42.69528784171428,360
Cc1cc(C)cc([C@@H](C)OC(=O)c2[nH]c3c(Br)cccc3c2CCCO)c1,-38.9002950297143,361
O=C(OCc1cccc(I)c1)c1[nH]c2c(Br)cccc2c1CCCO,-30.16509159371432,362
Cc1ccc(F)cc1COC(=O)c1[nH]c2c(Br)cccc2c1CCCO,-36.34804369619051,363
Cc1cccc2[nH]cc(CCC(=O)Oc3c(Cl)cc(Br)cc3Cl)c12,-31.487685871619096,364
Cc1cc(Br)ccc1[C@@H](C)OC(=O)c1[nH]c2c(Br)cccc2c1CCCO,-30.657247927428624,365
CCCOc1cc(C)cc(C)c1Br,-27.2298740137143,366
Cn1ncc2cc(COC(=O)c3[nH]c4c(Br)cccc4c3CCCO)ccc21,-32.41338838380945,367
O=C(OCc1cc(Cl)cc(C(F)(F)F)c1)c1[nH]c2c(Br)cccc2c1CCCO,-41.704470267809526,368
O=C(OCc1cccc(Cl)n1)c1[nH]c2c(Br)cccc2c1CCCO,-40.30488867199999,369
CCc1csc(COC(=O)c2[nH]c3c(Br)cccc3c2CCCO)n1,-33.770636295619035,370
Cc1cc(C2CC2)ccc1COC(=O)c1[nH]c2c(Br)cccc2c1CCCO,-49.88963756914285,371
Cc1ccc(F)c(COC(=O)c2[nH]c3c(Br)cccc3c2CCCO)c1,-41.06167401790474,372
Cc1cc(F)ccc1COC(=O)c1[nH]c2c(Br)cccc2c1CCCO,-43.32290998076186,373
Cc1cccc(F)c1COC(=O)c1[nH]c2c(Br)cccc2c1CCCO,-35.289863759428606,374
O=C(OCCc1ccccc1CO)c1[nH]c2c(Br)cccc2c1CCCO,-37.66908398819052,375
Cc1cc(F)c(COC(=O)c2[nH]c3c(Br)cccc3c2CCCO)c(F)c1,-29.5519908508572,376
O=C(OCc1ccc(Cl)cc1Br)c1[nH]c2c(Br)cccc2c1CCCO,-42.25318391352376,377
O=C(OCc1cc(Cl)ccc1Br)c1[nH]c2c(Br)cccc2c1CCCO,-37.36017736190475,378
O=C(O[C@@H]1CCc2c(Cl)cc(Cl)cc21)c1[nH]c2c(Br)cccc2c1CCCO,-38.57646051199996,379
O=C(OCc1ccc(Br)cc1Br)c1[nH]c2c(Br)cccc2c1CCCO,-38.93605357733337,380
O=C(OC[C@@H]1CCc2ccccc21)c1[nH]c2c(Br)cccc2c1CCCO,-27.443754114857136,381
COC(=O)c1cc(Cl)cc(COC(=O)c2[nH]c3c(Br)cccc3c2CCCO)c1,-38.51989027542861,382
CS(=O)(=O)Cc1ccc(COC(=O)c2[nH]c3c(Br)cccc3c2CCCO)cc1,-31.788980136952382,383
O=C(OCc1ccc(Cl)c(Br)c1)c1[nH]c2c(Br)cccc2c1CCCO,-40.058621639809616,384
COc1cc(Br)c(COC(=O)c2[nH]c3c(Br)cccc3c2CCCO)cc1OC,-37.69066785314287,385
O=C(OCc1ccc(Br)c(Cl)n1)c1[nH]c2c(Br)cccc2c1CCCO,-30.27195423676191,386
O=C(OCc1csc2cc(Cl)ccc12)c1[nH]c2c(Br)cccc2c1CCCO,-38.68217308495241,387
Cc1cc(C)cc(CCOC(=O)c2[nH]c3c(Br)cccc3c2CCCO)c1,-32.802724273333304,388
O=C(OCc1sccc1I)c1[nH]c2c(Br)cccc2c1CCCO,-36.49988371314281,389
COc1ccc(COC(=O)c2[nH]c3c(Br)cccc3c2CCCO)c(Cl)c1OC,-43.996732429714285,390
COc1ccc(COC(=O)c2[nH]c3c(Br)cccc3c2CCCO)c(Br)c1OC,-39.76215146171426,391
COc1ccc(COC(=O)c2[nH]c3c(Br)cccc3c2CCCO)cc1Cl,-46.05365735714287,392
COc1cc(COC(=O)c2[nH]c3c(Br)cccc3c2CCCO)ccc1Cl,-42.86277350609524,393
COc1ccc(COC(=O)c2[nH]c3c(Br)cccc3c2CCCO)c(Cl)c1,-33.994254551618994,394
COc1cc(COC(=O)c2[nH]c3c(Br)cccc3c2CCCO)ccc1I,-35.054938274285675,395
COc1cccc(COC(=O)c2[nH]c3c(Br)cccc3c2CCCO)c1Br,-45.38421527999994,396
Cc1c(Cl)ccc([C@@H](C)OC(=O)c2[nH]c3c(Br)cccc3c2CCCO)c1Cl,-34.10946892038098,397
O=C(OCc1cccc(OC(F)F)c1Br)c1[nH]c2c(Br)cccc2c1CCCO,-46.17386922838101,398
COC(=O)c1cccc(Br)c1COC(=O)c1[nH]c2c(Br)cccc2c1CCCO,-39.075613813714334,399
O=C(OCc1cc(Cl)cc(Cl)c1[N+](=O)[O-])c1[nH]c2c(Br)cccc2c1CCCO,-49.70041332247613,400
CCCN(CC1CC1)C(=O)COC(=O)c1[nH]c2c(Br)cccc2c1CCCO,-31.75459739238089,401
O=C(OCCOc1cc(Cl)ccc1Cl)c1[nH]c2c(Br)cccc2c1CCCO,-32.062853933523854,402
O=C(OCc1cc(O)cc(C(F)(F)F)c1)c1[nH]c2c(Br)cccc2c1CCCO,-33.3551883611429,403
Cc1c(COC(=O)c2[nH]c3c(Br)cccc3c2CCCO)cc(Cl)cc1[N+](=O)[O-],-43.586484450666624,404
Cc1c(COC(=O)c2[nH]c3c(Br)cccc3c2CCCO)cc(Br)cc1[N+](=O)[O-],-48.55080184114291,405
O=C(OCc1c(Br)cc(F)cc1[N+](=O)[O-])c1[nH]c2c(Br)cccc2c1CCCO,-50.82010996876194,406
O=C(OCc1c(Cl)cccc1[N+](=O)[O-])c1[nH]c2c(Br)cccc2c1CCCO,-45.34361796895233,407
O=C(OCc1ccc(Cl)cc1[N+](=O)[O-])c1[nH]c2c(Br)cccc2c1CCCO,-39.394801205523805,408
O=C(OCc1cc([N+](=O)[O-])c(Cl)cc1Br)c1[nH]c2c(Br)cccc2c1CCCO,-32.43147455314284,409
O=C(OCc1cc(Cl)ccc1[N+](=O)[O-])c1[nH]c2c(Br)cccc2c1CCCO,-48.857742049714304,410
O=C(OCc1cc(Cl)cc([N+](=O)[O-])c1)c1[nH]c2c(Br)cccc2c1CCCO,-43.32419805447619,411
O=C(OCc1ccc(Cl)c([N+](=O)[O-])c1)c1[nH]c2c(Br)cccc2c1CCCO,-35.96717522742857,412
O=C(OCc1ccc(Br)cc1[N+](=O)[O-])c1[nH]c2c(Br)cccc2c1CCCO,-29.631134831238143,413
O=C(OCc1ccc(I)c([N+](=O)[O-])c1)c1[nH]c2c(Br)cccc2c1CCCO,-47.66005805638093,414
O=C(OCc1cc(I)cc([N+](=O)[O-])c1)c1[nH]c2c(Br)cccc2c1CCCO,-35.61873455504762,415
Cc1cc(C)c([N+](=O)[O-])cc1COC(=O)c1[nH]c2c(Br)cccc2c1CCCO,-47.171236670857176,416
O=C(OCc1cc([N+](=O)[O-])ccc1Cl)c1[nH]c2c(Br)cccc2c1CCCO,-47.04520591561899,417
O=C(OCc1ccc([N+](=O)[O-])c(Cl)c1)c1[nH]c2c(Br)cccc2c1CCCO,-42.473752811238086,418
O=C(OCc1ccc([N+](=O)[O-])cc1Cl)c1[nH]c2c(Br)cccc2c1CCCO,-36.1512690371429,419
COc1cccc([N+](=O)[O-])c1COC(=O)c1[nH]c2c(Br)cccc2c1CCCO,-39.8378200371429,420
Cc1c(COC(=O)c2[nH]c3c(Br)cccc3c2CCCO)cc(F)cc1[N+](=O)[O-],-37.41818565219046,421
COc1ccc([N+](=O)[O-])c(COC(=O)c2[nH]c3c(Br)cccc3c2CCCO)c1,-33.459391214857206,422
O=C(OCc1cccc([N+](=O)[O-])c1Br)c1[nH]c2c(Br)cccc2c1CCCO,-29.368997544380917,423
O=C(OCc1cc(O)ccc1[N+](=O)[O-])c1[nH]c2c(Br)cccc2c1CCCO,-48.04607355542859,424
O=C(OCc1ccc([N+](=O)[O-])c(O)c1)c1[nH]c2c(Br)cccc2c1CCCO,-33.03882635676193,425
O=C(OCc1c(Cl)cccc1C(F)(F)F)c1[nH]c2c(Br)cccc2c1CCCO,-34.86074297257143,426
COc1cc(COC(=O)c2[nH]c3c(Br)cccc3c2CCCO)ccc1[N+](=O)[O-],-37.96765232266661,427
CC(C)CN(CC(C)(C)C)C(=O)c1[nH]c2c(Br)cccc2c1CCCO,-33.82331089714289,428
O=C(OCc1sc(Cl)cc1Cl)c1[nH]c2c(Br)cccc2c1CCCO,-37.66681114838092,429
Cc1cc(COC(=O)c2[nH]c3c(Br)cccc3c2CCCO)cc(Cl)n1,-38.84609146723807,430
O=C(OCc1cc(Br)cc([N+](=O)[O-])c1)c1[nH]c2c(Br)cccc2c1CCCO,-46.78473369199999,431
O=C(OCc1ccc(Br)c([N+](=O)[O-])c1)c1[nH]c2c(Br)cccc2c1CCCO,-46.114826447238045,432
Cc1nc(COC(=O)c2[nH]c3c(Br)cccc3c2CCCO)ccc1Br,-42.04618942361899,433
COc1cc(COC(=O)c2[nH]c3c(Br)cccc3c2CCCO)cc([N+](=O)[O-])c1,-39.14607969333339,434
O=C(OCc1csc2cc(Br)ccc12)c1[nH]c2c(Br)cccc2c1CCCO,-40.48776010457147,435
Cc1cc([N+](=O)[O-])cc(COC(=O)c2[nH]c3c(Br)cccc3c2CCCO)n1,-46.54972459733333,436
O=C(OCc1cc([N+](=O)[O-])ccc1Br)c1[nH]c2c(Br)cccc2c1CCCO,-45.31892573104763,437
O=C(OCc1ccc([N+](=O)[O-])cc1Br)c1[nH]c2c(Br)cccc2c1CCCO,-28.972877455619063,438
Cc1cc(COC(=O)c2[nH]c3c(Br)cccc3c2CCCO)c(Br)cn1,-36.42940843257151,439
COC(=O)c1cc(Br)cc(COC(=O)c2[nH]c3c(Br)cccc3c2CCCO)c1,-40.52121757523808,440
COc1cc(Br)ccc1CCCOC(=O)c1[nH]c2c(Br)cccc2c1CCCO,-43.37634550419046,441
COC(=O)c1c(Br)cccc1COC(=O)c1[nH]c2c(Br)cccc2c1CCCO,-25.71376713409532,442
Cc1ccc([C@@H](C)OC(=O)c2[nH]c3c(Br)cccc3c2CCCO)cc1[N+](=O)[O-],-49.93013694361899,443
Cc1ccc([C@H](C)OC(=O)c2[nH]c3c(Br)cccc3c2CCCO)cc1[N+](=O)[O-],-30.454094923809546,444
Cc1nc(COC(=O)c2[nH]c3c(Br)cccc3c2CCCO)ccc1[N+](=O)[O-],-29.59663169123809,445
O=C(OCCc1ccc(Cl)c(F)c1)c1[nH]c2c(Br)cccc2c1CCCO,-29.126910823428528,446
O=C(OCc1cc(Br)cc(Br)c1)c1[nH]c2c(Br)cccc2c1CCCO,-25.895868650476142,447
Cc1cc(C#N)cc(C)c1COC(=O)c1[nH]c2c(Br)cccc2c1CCCO,-33.559247144381004,448
CCCCSc1cccc(COC(=O)c2[nH]c3c(Br)cccc3c2CCCO)c1,-40.97357186038097,449
CCCOc1cccc(COC(=O)c2[nH]c3c(Br)cccc3c2CCCO)c1,-45.186123058285744,450
COCCOc1cccc(COC(=O)c2[nH]c3c(Br)cccc3c2CCCO)c1,-44.11951887428573,451
COCCOc1ccccc1COC(=O)c1[nH]c2c(Br)cccc2c1CCCO,-40.04807354361903,452
COc1cccc(COC(=O)c2[nH]c3c(Br)cccc3c2CCCO)c1C,-48.01790070266666,453
COc1cc(C)cc(COC(=O)c2[nH]c3c(Br)cccc3c2CCCO)c1,-39.99612236133338,454
CNC(=O)c1cccc(COC(=O)c2[nH]c3c(Br)cccc3c2CCCO)c1,-34.385177819047634,455
Cc1c(Cl)ccc([C@H](C)OC(=O)c2[nH]c3c(Br)cccc3c2CCCO)c1Cl,-38.07046284076188,456
COc1ccc(C)c(COC(=O)c2[nH]c3c(Br)cccc3c2CCCO)c1,-40.36675015104757,457
Cc1cc(COC(=O)c2[nH]c3c(Br)cccc3c2CCCO)cc(C)c1C,-35.25215007695246,458
CC(C)Oc1ccc(COC(=O)c2[nH]c3c(Br)cccc3c2CCCO)cc1Cl,-33.16087261980955,459
Cc1sc(COC(=O)c2[nH]c3c(Br)cccc3c2CCCO)cc1Br,-31.497761765904748,460
C#Cc1cccc(COC(=O)c2[nH]c3c(Br)cccc3c2CCCO)c1,-36.55435639828568,461
O=C(OCc1ccc(I)c(F)c1)c1[nH]c2c(Br)cccc2c1CCCO,-33.71406409352379,462
COc1ccc(C)cc1COC(=O)c1[nH]c2c(Br)cccc2c1CCCO,-45.55889707409523,463
CCOc1ccccc1COC(=O)c1[nH]c2c(Br)cccc2c1CCCO,-44.89821967904758,464
COc1cc([N+](=O)[O-])ccc1COC(=O)c1[nH]c2c(Br)cccc2c1CCCO,-45.73149055466664,465
COc1ccc([N+](=O)[O-])cc1COC(=O)c1[nH]c2c(Br)cccc2c1CCCO,-54.68426450285715,466
COc1c(COC(=O)c2[nH]c3c(Br)cccc3c2CCCO)cccc1[N+](=O)[O-],-49.84950835790482,467
O=C(OCc1cccc([N+](=O)[O-])c1)c1[nH]c2c(Br)cccc2c1CCCO,-40.56985023600001,468
Cn1cc([N+](=O)[O-])c(COC(=O)c2[nH]c3c(Br)cccc3c2CCCO)n1,-42.22111550723805,469
O=C(OCc1ccc([N+](=O)[O-])s1)c1[nH]c2c(Br)cccc2c1CCCO,-34.85463302076194,470
O=C(OCCc1ccc([N+](=O)[O-])cc1)c1[nH]c2c(Br)cccc2c1CCCO,-34.61642853238099,471
Cc1nc(F)ccc1COC(=O)c1[nH]c2c(Br)cccc2c1CCCO,-39.56201458571427,472
O=C(OCc1ccccc1[N+](=O)[O-])c1[nH]c2c(Br)cccc2c1CCCO,-43.1882733849524,473
O=C(OC/C=C/c1ccccc1[N+](=O)[O-])c1[nH]c2c(Br)cccc2c1CCCO,-34.89738317390479,474
COc1ccc(C)nc1COC(=O)c1[nH]c2c(Br)cccc2c1CCCO,-39.54496206476188,475
CCOc1cccc(COC(=O)c2[nH]c3c(Br)cccc3c2CCCO)n1,-37.70994728647617,476
COc1ccc(COC(=O)c2[nH]c3c(Br)cccc3c2CCCO)cc1C,-31.922223038095176,477
Cc1cccc(COC(=O)c2[nH]c3c(Br)cccc3c2CCCO)c1,-40.81692559980955,478
O=C(OCc1ccc[n+]([O-])c1)c1[nH]c2c(Br)cccc2c1CCCO,-41.82913295295232,479
O=C(OCc1ccc([N+](=O)[O-])cc1)c1[nH]c2c(Br)cccc2c1CCCO,-46.2529939508571,480
Cc1ccc([N+](=O)[O-])cc1[C@@H](C)OC(=O)c1[nH]c2c(Br)cccc2c1CCCO,-45.35995291599998,481
Cc1ccc([N+](=O)[O-])cc1[C@H](C)OC(=O)c1[nH]c2c(Br)cccc2c1CCCO,-34.60557606571433,482
O=C(OCc1csc([N+](=O)[O-])c1)c1[nH]c2c(Br)cccc2c1CCCO,-35.510607652190544,483
N#Cc1ccc(COC(=O)c2[nH]c3c(Br)cccc3c2CCCO)c([N+](=O)[O-])c1,-38.0439329241905,484
Cc1c(COC(=O)c2[nH]c3c(Br)cccc3c2CCCO)ccc(F)c1F,-47.2563958758095,485
Cc1cc(F)ncc1COC(=O)c1[nH]c2c(Br)cccc2c1CCCO,-33.71799203561902,486
O=C(OCc1c(Br)cccc1C(F)(F)F)c1[nH]c2c(Br)cccc2c1CCCO,-40.44825400647621,487
O=C(OCc1cc(F)ccc1C(F)(F)F)c1[nH]c2c(Br)cccc2c1CCCO,-29.88524050114279,488
O=C(OCc1ccc2c(c1)CCO2)c1[nH]c2c(Br)cccc2c1CCCO,-37.98219908419044,489
Cc1coc2c(COC(=O)c3[nH]c4c(Br)cccc4c3CCCO)cccc12,-42.461023228380974,490
Cc1ccc(Cl)c(OCCOC(=O)c2[nH]c3c(Br)cccc3c2CCCO)c1,-41.090803496761865,491
Cc1ccc(Br)c(OCCOC(=O)c2[nH]c3c(Br)cccc3c2CCCO)c1,-36.866835546857175,492
COc1cc(COC(=O)c2[nH]c3c(Br)cccc3c2CCCO)c(OC)cc1Br,-33.78553810533332,493
Cc1ccccc1CCOC(=O)c1[nH]c2c(Br)cccc2c1CCCO,-36.37080493142854,494
C[C@@H](OC(=O)c1[nH]c2c(Br)cccc2c1CCCO)c1ccc(Cl)c([N+](=O)[O-])c1,-39.36247416228571,495
C[C@H](OC(=O)c1[nH]c2c(Br)cccc2c1CCCO)c1ccc(Cl)c([N+](=O)[O-])c1,-34.43652984057144,496
Cc1nc2cccc(COC(=O)c3[nH]c4c(Br)cccc4c3CCCO)c2o1,-37.817010893904815,497
O=C(OCc1ccc(CF)cc1)c1[nH]c2c(Br)cccc2c1CCCO,-39.9674135070476,498
Cc1ccc(COC(=O)c2[nH]c3c(Br)cccc3c2CCCO)cc1F,-42.56640595257141,499
