0,"results/H04M000.smi.csv"
0,"results/H04M100.smi.csv"
0,"results/H04M200.smi.csv"
0,"results/H04P000.smi.csv"
0,"results/H04P010.smi.csv"
0,"results/H04P020.smi.csv"
0,"results/H04P040.smi.csv"
0,"results/H04P050.smi.csv"
0,"results/H04P060.smi.csv"
0,"results/H04P070.smi.csv"
0,"results/H04P080.smi.csv"
0,"results/H04P110.smi.csv"
0,"results/H04P120.smi.csv"
0,"results/H04P130.smi.csv"
0,"results/H04P140.smi.csv"
0,"results/H04P150.smi.csv"
0,"results/H04P180.smi.csv"
0,"results/H04P190.smi.csv"
0,"results/H04P200.smi.csv"
0,"results/H04P210.smi.csv"
0,"results/H04P220.smi.csv"
0,"results/H04P230.smi.csv"
0,"results/H04P240.smi.csv"
0,"results/H04P250.smi.csv"
0,"results/H04P260.smi.csv"
0,"results/H04P290.smi.csv"
0,"results/H04P330.smi.csv"
0,"results/H04P350.smi.csv"
0,"results/H05M000.smi.csv"
0,"results/H05M100.smi.csv"
0,"results/H05M500.smi.csv"
0,"results/H05P000.smi.csv"
0,"results/H05P010.smi.csv"
0,"results/H05P020.smi.csv"
0,"results/H05P030.smi.csv"
0,"results/H05P040.smi.csv"
0,"results/H05P050.smi.csv"
0,"results/H05P060.smi.csv"
0,"results/H05P070.smi.csv"
0,"results/H05P080.smi.csv"
0,"results/H05P090.smi.csv"
0,"results/H05P110.smi.csv"
0,"results/H05P120.smi.csv"
0,"results/H05P130.smi.csv"
0,"results/H05P140.smi.csv"
0,"results/H05P150.smi.csv"
0,"results/H05P160.smi.csv"
0,"results/H05P170.smi.csv"
0,"results/H05P180.smi.csv"
0,"results/H05P200.smi.csv"
0,"results/H05P220.smi.csv"
0,"results/H05P230.smi.csv"
0,"results/H05P240.smi.csv"
0,"results/H05P250.smi.csv"
0,"results/H05P260.smi.csv"
0,"results/H05P270.smi.csv"
0,"results/H05P280.smi.csv"
0,"results/H05P300.smi.csv"
0,"results/H05P310.smi.csv"
0,"results/H05P320.smi.csv"
0,"results/H05P330.smi.csv"
0,"results/H06M000.smi.csv"
0,"results/H06M100.smi.csv"
0,"results/H06M300.smi.csv"
0,"results/H06P000.smi.csv"
0,"results/H06P010.smi.csv"
0,"results/H06P020.smi.csv"
0,"results/H06P030.smi.csv"
0,"results/H06P050.smi.csv"
0,"results/H06P060.smi.csv"
0,"results/H06P070.smi.csv"
0,"results/H06P080.smi.csv"
0,"results/H06P110.smi.csv"
0,"results/H06P120.smi.csv"
0,"results/H06P130.smi.csv"
0,"results/H06P140.smi.csv"
0,"results/H06P150.smi.csv"
0,"results/H06P170.smi.csv"
0,"results/H06P180.smi.csv"
0,"results/H06P190.smi.csv"
0,"results/H06P210.smi.csv"
0,"results/H06P220.smi.csv"
0,"results/H06P230.smi.csv"
0,"results/H06P250.smi.csv"
0,"results/H06P260.smi.csv"
0,"results/H06P270.smi.csv"
0,"results/H06P280.smi.csv"
0,"results/H06P300.smi.csv"
0,"results/H06P310.smi.csv"
0,"results/H06P320.smi.csv"
0,"results/H06P360.smi.csv"
0,"results/H06P380.smi.csv"
0,"results/H06P430.smi.csv"
0,"results/H06P500.smi.csv"
0,"results/H07M000.smi.csv"
0,"results/H07M100.smi.csv"
0,"results/H07M200.smi.csv"
0,"results/H07P000.smi.csv"
0,"results/H07P010.smi.csv"
0,"results/H07P020.smi.csv"
0,"results/H07P030.smi.csv"
0,"results/H07P050.smi.csv"
0,"results/H07P070.smi.csv"
0,"results/H07P080.smi.csv"
0,"results/H07P090.smi.csv"
0,"results/H07P100.smi.csv"
0,"results/H07P120.smi.csv"
0,"results/H07P130.smi.csv"
0,"results/H07P150.smi.csv"
0,"results/H07P160.smi.csv"
0,"results/H07P170.smi.csv"
0,"results/H07P180.smi.csv"
0,"results/H07P190.smi.csv"
0,"results/H07P200.smi.csv"
0,"results/H07P210.smi.csv"
0,"results/H07P220.smi.csv"
0,"results/H07P230.smi.csv"
0,"results/H07P240.smi.csv"
0,"results/H07P250.smi.csv"
0,"results/H07P260.smi.csv"
0,"results/H07P270.smi.csv"
0,"results/H07P280.smi.csv"
0,"results/H07P290.smi.csv"
0,"results/H07P300.smi.csv"
0,"results/H07P310.smi.csv"
0,"results/H07P320.smi.csv"
0,"results/H07P340.smi.csv"
0,"results/H07P350.smi.csv"
0,"results/H07P400.smi.csv"
0,"results/H07P450.smi.csv"
0,"results/H08M000.smi.csv"
0,"results/H08M100.smi.csv"
0,"results/H08M200.smi.csv"
0,"results/H08P000.smi.csv"
0,"results/H08P020.smi.csv"
0,"results/H08P030.smi.csv"
0,"results/H08P040.smi.csv"
0,"results/H08P050.smi.csv"
0,"results/H08P060.smi.csv"
0,"results/H08P070.smi.csv"
0,"results/H08P120.smi.csv"
0,"results/H08P130.smi.csv"
0,"results/H08P150.smi.csv"
0,"results/H08P160.smi.csv"
0,"results/H08P170.smi.csv"
0,"results/H08P180.smi.csv"
0,"results/H08P190.smi.csv"
0,"results/H08P210.smi.csv"
0,"results/H08P220.smi.csv"
0,"results/H08P230.smi.csv"
0,"results/H08P250.smi.csv"
0,"results/H08P260.smi.csv"
0,"results/H08P270.smi.csv"
0,"results/H08P300.smi.csv"
0,"results/H08P310.smi.csv"
0,"results/H08P320.smi.csv"
0,"results/H08P330.smi.csv"
0,"results/H08P340.smi.csv"
0,"results/H08P360.smi.csv"
0,"results/H08P370.smi.csv"
0,"results/H08P380.smi.csv"
0,"results/H08P390.smi.csv"
0,"results/H08P400.smi.csv"
0,"results/H08P450.smi.csv"
0,"results/H09M000.smi.csv"
0,"results/H09M200.smi.csv"
0,"results/H09M300.smi.csv"
0,"results/H09P020.smi.csv"
0,"results/H09P030.smi.csv"
0,"results/H09P050.smi.csv"
0,"results/H09P070.smi.csv"
0,"results/H09P080.smi.csv"
0,"results/H09P090.smi.csv"
0,"results/H09P100.smi.csv"
0,"results/H09P110.smi.csv"
0,"results/H09P120.smi.csv"
0,"results/H09P130.smi.csv"
0,"results/H09P140.smi.csv"
0,"results/H09P150.smi.csv"
0,"results/H09P160.smi.csv"
0,"results/H09P170.smi.csv"
0,"results/H09P180.smi.csv"
0,"results/H09P190.smi.csv"
0,"results/H09P220.smi.csv"
0,"results/H09P230.smi.csv"
0,"results/H09P240.smi.csv"
0,"results/H09P250.smi.csv"
0,"results/H09P260.smi.csv"
0,"results/H09P270.smi.csv"
0,"results/H09P280.smi.csv"
0,"results/H09P290.smi.csv"
0,"results/H09P300.smi.csv"
0,"results/H09P310.smi.csv"
0,"results/H09P320.smi.csv"
0,"results/H09P330.smi.csv"
0,"results/H09P340.smi.csv"
0,"results/H09P350.smi.csv"
0,"results/H09P360.smi.csv"
0,"results/H09P370.smi.csv"
0,"results/H09P380.smi.csv"
0,"results/H09P390.smi.csv"
0,"results/H09P420.smi.csv"
0,"results/H09P430.smi.csv"
0,"results/H09P440.smi.csv"
0,"results/H09P450.smi.csv"
0,"results/H09P470.smi.csv"
0,"results/H10M000.smi.csv"
0,"results/H10M100.smi.csv"
0,"results/H10M200.smi.csv"
0,"results/H10M300.smi.csv"
0,"results/H10P000.smi.csv"
0,"results/H10P010.smi.csv"
0,"results/H10P030.smi.csv"
0,"results/H10P040.smi.csv"
0,"results/H10P060.smi.csv"
0,"results/H10P070.smi.csv"
0,"results/H10P080.smi.csv"
0,"results/H10P090.smi.csv"
0,"results/H10P100.smi.csv"
0,"results/H10P120.smi.csv"
0,"results/H10P130.smi.csv"
0,"results/H10P140.smi.csv"
0,"results/H10P150.smi.csv"
0,"results/H10P160.smi.csv"
0,"results/H10P180.smi.csv"
0,"results/H10P210.smi.csv"
0,"results/H10P220.smi.csv"
0,"results/H10P230.smi.csv"
0,"results/H10P250.smi.csv"
0,"results/H10P270.smi.csv"
0,"results/H10P280.smi.csv"
0,"results/H10P290.smi.csv"
0,"results/H10P300.smi.csv"
0,"results/H10P310.smi.csv"
0,"results/H10P320.smi.csv"
0,"results/H10P330.smi.csv"
0,"results/H10P340.smi.csv"
0,"results/H10P350.smi.csv"
0,"results/H10P360.smi.csv"
0,"results/H10P370.smi.csv"
0,"results/H10P380.smi.csv"
0,"results/H10P390.smi.csv"
0,"results/H10P400.smi.csv"
0,"results/H10P410.smi.csv"
0,"results/H10P420.smi.csv"
0,"results/H10P430.smi.csv"
0,"results/H10P440.smi.csv"
0,"results/H10P450.smi.csv"
0,"results/H10P470.smi.csv"
0,"results/H11M000.smi.csv"
0,"results/H11M100.smi.csv"
0,"results/H11M200.smi.csv"
0,"results/H11M300.smi.csv"
0,"results/H11P000.smi.csv"
0,"results/H11P010.smi.csv"
0,"results/H11P020.smi.csv"
0,"results/H11P030.smi.csv"
0,"results/H11P040.smi.csv"
0,"results/H11P050.smi.csv"
0,"results/H11P060.smi.csv"
0,"results/H11P070.smi.csv"
0,"results/H11P080.smi.csv"
0,"results/H11P090.smi.csv"
0,"results/H11P120.smi.csv"
0,"results/H11P130.smi.csv"
0,"results/H11P140.smi.csv"
0,"results/H11P150.smi.csv"
1,"results/H11P160.smi.csv"
1,"results/H11P170.smi.csv"
0,"results/H11P180.smi.csv"
1,"results/H11P190.smi.csv"
0,"results/H11P200.smi.csv"
0,"results/H11P210.smi.csv"
0,"results/H11P220.smi.csv"
0,"results/H11P230.smi.csv"
0,"results/H11P240.smi.csv"
0,"results/H11P250.smi.csv"
6,"results/H11P260.smi.csv"
2,"results/H11P270.smi.csv"
0,"results/H11P280.smi.csv"
0,"results/H11P290.smi.csv"
0,"results/H11P300.smi.csv"
2,"results/H11P310.smi.csv"
0,"results/H11P320.smi.csv"
0,"results/H11P330.smi.csv"
0,"results/H11P340.smi.csv"
0,"results/H11P350.smi.csv"
0,"results/H11P360.smi.csv"
0,"results/H11P370.smi.csv"
0,"results/H11P380.smi.csv"
0,"results/H11P390.smi.csv"
0,"results/H11P400.smi.csv"
0,"results/H11P420.smi.csv"
0,"results/H11P430.smi.csv"
0,"results/H11P440.smi.csv"
0,"results/H11P450.smi.csv"
0,"results/H11P460.smi.csv"
0,"results/H11P470.smi.csv"
0,"results/H11P480.smi.csv"
0,"results/H11P490.smi.csv"
0,"results/H11P500.smi.csv"
0,"results/H12M000.smi.csv"
0,"results/H12M100.smi.csv"
0,"results/H12M200.smi.csv"
0,"results/H12M300.smi.csv"
0,"results/H12M400.smi.csv"
0,"results/H12M500.smi.csv"
0,"results/H12P000.smi.csv"
0,"results/H12P010.smi.csv"
0,"results/H12P020.smi.csv"
4,"results/H12P030.smi.csv"
0,"results/H12P040.smi.csv"
2,"results/H12P050.smi.csv"
0,"results/H12P060.smi.csv"
0,"results/H12P070.smi.csv"
0,"results/H12P080.smi.csv"
10,"results/H12P100.smi.csv"
0,"results/H12P120.smi.csv"
1,"results/H12P130.smi.csv"
0,"results/H12P140.smi.csv"
4,"results/H12P150.smi.csv"
5,"results/H12P160.smi.csv"
3,"results/H12P170.smi.csv"
2,"results/H12P180.smi.csv"
6,"results/H12P190.smi.csv"
9,"results/H12P210.smi.csv"
12,"results/H12P220.smi.csv"
9,"results/H12P230.smi.csv"
2,"results/H12P250.smi.csv"
10,"results/H12P260.smi.csv"
6,"results/H12P270.smi.csv"
7,"results/H12P280.smi.csv"
10,"results/H12P290.smi.csv"
6,"results/H12P300.smi.csv"
2,"results/H12P310.smi.csv"
3,"results/H12P320.smi.csv"
2,"results/H12P330.smi.csv"
3,"results/H12P350.smi.csv"
0,"results/H12P360.smi.csv"
3,"results/H12P370.smi.csv"
0,"results/H12P380.smi.csv"
0,"results/H12P390.smi.csv"
0,"results/H12P400.smi.csv"
0,"results/H12P410.smi.csv"
0,"results/H12P420.smi.csv"
0,"results/H12P430.smi.csv"
0,"results/H12P440.smi.csv"
0,"results/H12P450.smi.csv"
0,"results/H12P460.smi.csv"
0,"results/H12P480.smi.csv"
0,"results/H12P490.smi.csv"
0,"results/H12P500.smi.csv"
0,"results/H12P600.smi.csv"
0,"results/H12P700.smi.csv"
1,"results/H13M000.smi.csv"
0,"results/H13M100.smi.csv"
0,"results/H13M200.smi.csv"
0,"results/H13M300.smi.csv"
0,"results/H13M500.smi.csv"
0,"results/H13P000.smi.csv"
2,"results/H13P010.smi.csv"
0,"results/H13P020.smi.csv"
0,"results/H13P030.smi.csv"
0,"results/H13P040.smi.csv"
0,"results/H13P050.smi.csv"
2,"results/H13P060.smi.csv"
0,"results/H13P070.smi.csv"
0,"results/H13P080.smi.csv"
0,"results/H13P090.smi.csv"
4,"results/H13P100.smi.csv"
2,"results/H13P110.smi.csv"
3,"results/H13P120.smi.csv"
6,"results/H13P130.smi.csv"
7,"results/H13P140.smi.csv"
7,"results/H13P150.smi.csv"
1,"results/H13P160.smi.csv"
2,"results/H13P170.smi.csv"
1,"results/H13P180.smi.csv"
4,"results/H13P190.smi.csv"
6,"results/H13P210.smi.csv"
11,"results/H13P220.smi.csv"
3,"results/H13P230.smi.csv"
0,"results/H13P240.smi.csv"
10,"results/H13P250.smi.csv"
0,"results/H13P260.smi.csv"
7,"results/H13P270.smi.csv"
3,"results/H13P280.smi.csv"
6,"results/H13P300.smi.csv"
0,"results/H13P310.smi.csv"
3,"results/H13P320.smi.csv"
6,"results/H13P330.smi.csv"
7,"results/H13P340.smi.csv"
4,"results/H13P350.smi.csv"
6,"results/H13P360.smi.csv"
4,"results/H13P370.smi.csv"
8,"results/H13P380.smi.csv"
0,"results/H13P390.smi.csv"
0,"results/H13P400.smi.csv"
0,"results/H13P420.smi.csv"
0,"results/H13P430.smi.csv"
0,"results/H13P440.smi.csv"
0,"results/H13P450.smi.csv"
0,"results/H13P470.smi.csv"
0,"results/H13P480.smi.csv"
0,"results/H13P490.smi.csv"
0,"results/H13P500.smi.csv"
0,"results/H13P600.smi.csv"
0,"results/H14M000.smi.csv"
0,"results/H14M100.smi.csv"
0,"results/H14M300.smi.csv"
0,"results/H14M400.smi.csv"
0,"results/H14M500.smi.csv"
0,"results/H14P000.smi.csv"
0,"results/H14P010.smi.csv"
0,"results/H14P020.smi.csv"
0,"results/H14P030.smi.csv"
0,"results/H14P040.smi.csv"
5,"results/H14P050.smi.csv"
0,"results/H14P060.smi.csv"
1,"results/H14P080.smi.csv"
5,"results/H14P090.smi.csv"
1,"results/H14P110.smi.csv"
9,"results/H14P120.smi.csv"
7,"results/H14P130.smi.csv"
9,"results/H14P140.smi.csv"
22,"results/H14P150.smi.csv"
16,"results/H14P160.smi.csv"
0,"results/H14P170.smi.csv"
19,"results/H14P180.smi.csv"
23,"results/H14P210.smi.csv"
19,"results/H14P220.smi.csv"
24,"results/H14P230.smi.csv"
30,"results/H14P240.smi.csv"
22,"results/H14P250.smi.csv"
0,"results/H14P260.smi.csv"
28,"results/H14P270.smi.csv"
19,"results/H14P290.smi.csv"
6,"results/H14P300.smi.csv"
0,"results/H14P310.smi.csv"
11,"results/H14P320.smi.csv"
4,"results/H14P330.smi.csv"
1,"results/H14P340.smi.csv"
5,"results/H14P350.smi.csv"
5,"results/H14P360.smi.csv"
0,"results/H14P370.smi.csv"
2,"results/H14P380.smi.csv"
3,"results/H14P390.smi.csv"
0,"results/H14P400.smi.csv"
3,"results/H14P410.smi.csv"
0,"results/H14P420.smi.csv"
0,"results/H14P430.smi.csv"
0,"results/H14P450.smi.csv"
0,"results/H14P460.smi.csv"
0,"results/H14P470.smi.csv"
0,"results/H14P480.smi.csv"
0,"results/H14P490.smi.csv"
0,"results/H14P500.smi.csv"
0,"results/H14P600.smi.csv"
0,"results/H15M000.smi.csv"
0,"results/H15M100.smi.csv"
0,"results/H15M200.smi.csv"
0,"results/H15M300.smi.csv"
0,"results/H15M400.smi.csv"
0,"results/H15M500.smi.csv"
0,"results/H15P000.smi.csv"
0,"results/H15P010.smi.csv"
0,"results/H15P020.smi.csv"
0,"results/H15P030.smi.csv"
3,"results/H15P040.smi.csv"
4,"results/H15P060.smi.csv"
2,"results/H15P070.smi.csv"
0,"results/H15P080.smi.csv"
6,"results/H15P090.smi.csv"
7,"results/H15P100.smi.csv"
9,"results/H15P110.smi.csv"
18,"results/H15P120.smi.csv"
21,"results/H15P130.smi.csv"
12,"results/H15P140.smi.csv"
24,"results/H15P150.smi.csv"
28,"results/H15P160.smi.csv"
29,"results/H15P170.smi.csv"
44,"results/H15P180.smi.csv"
47,"results/H15P190.smi.csv"
43,"results/H15P220.smi.csv"
34,"results/H15P230.smi.csv"
51,"results/H15P250.smi.csv"
44,"results/H15P260.smi.csv"
0,"results/H15P270.smi.csv"
0,"results/H15P280.smi.csv"
54,"results/H15P290.smi.csv"
19,"results/H15P300.smi.csv"
31,"results/H15P320.smi.csv"
21,"results/H15P330.smi.csv"
10,"results/H15P340.smi.csv"
8,"results/H15P350.smi.csv"
5,"results/H15P360.smi.csv"
5,"results/H15P370.smi.csv"
4,"results/H15P380.smi.csv"
1,"results/H15P390.smi.csv"
9,"results/H15P400.smi.csv"
0,"results/H15P410.smi.csv"
2,"results/H15P420.smi.csv"
11,"results/H15P430.smi.csv"
0,"results/H15P440.smi.csv"
2,"results/H15P450.smi.csv"
1,"results/H15P460.smi.csv"
0,"results/H15P480.smi.csv"
0,"results/H15P490.smi.csv"
0,"results/H15P500.smi.csv"
0,"results/H15P600.smi.csv"
2,"results/H16M000.smi.csv"
0,"results/H16M100.smi.csv"
0,"results/H16M200.smi.csv"
0,"results/H16M300.smi.csv"
0,"results/H16M400.smi.csv"
0,"results/H16M500.smi.csv"
4,"results/H16P000.smi.csv"
2,"results/H16P010.smi.csv"
2,"results/H16P020.smi.csv"
0,"results/H16P030.smi.csv"
2,"results/H16P040.smi.csv"
11,"results/H16P050.smi.csv"
0,"results/H16P060.smi.csv"
25,"results/H16P080.smi.csv"
13,"results/H16P090.smi.csv"
26,"results/H16P100.smi.csv"
0,"results/H16P120.smi.csv"
34,"results/H16P130.smi.csv"
51,"results/H16P140.smi.csv"
59,"results/H16P150.smi.csv"
61,"results/H16P160.smi.csv"
51,"results/H16P170.smi.csv"
73,"results/H16P180.smi.csv"
101,"results/H16P190.smi.csv"
84,"results/H16P200.smi.csv"
71,"results/H16P210.smi.csv"
81,"results/H16P220.smi.csv"
76,"results/H16P230.smi.csv"
79,"results/H16P240.smi.csv"
74,"results/H16P250.smi.csv"
94,"results/H16P260.smi.csv"
62,"results/H16P270.smi.csv"
67,"results/H16P280.smi.csv"
63,"results/H16P290.smi.csv"
67,"results/H16P300.smi.csv"
58,"results/H16P310.smi.csv"
45,"results/H16P320.smi.csv"
46,"results/H16P330.smi.csv"
44,"results/H16P340.smi.csv"
18,"results/H16P350.smi.csv"
24,"results/H16P360.smi.csv"
33,"results/H16P370.smi.csv"
13,"results/H16P380.smi.csv"
6,"results/H16P390.smi.csv"
10,"results/H16P400.smi.csv"
9,"results/H16P410.smi.csv"
7,"results/H16P420.smi.csv"
7,"results/H16P430.smi.csv"
3,"results/H16P450.smi.csv"
11,"results/H16P460.smi.csv"
9,"results/H16P470.smi.csv"
3,"results/H16P480.smi.csv"
4,"results/H16P490.smi.csv"
6,"results/H16P500.smi.csv"
0,"results/H16P600.smi.csv"
0,"results/H16P700.smi.csv"
0,"results/H16P900.smi.csv"
3,"results/H17M000.smi.csv"
0,"results/H17M100.smi.csv"
0,"results/H17M300.smi.csv"
0,"results/H17M400.smi.csv"
0,"results/H17P000.smi.csv"
0,"results/H17P010.smi.csv"
0,"results/H17P020.smi.csv"
1,"results/H17P030.smi.csv"
0,"results/H17P040.smi.csv"
1,"results/H17P050.smi.csv"
2,"results/H17P070.smi.csv"
1,"results/H17P080.smi.csv"
0,"results/H17P100.smi.csv"
19,"results/H17P110.smi.csv"
11,"results/H17P120.smi.csv"
8,"results/H17P130.smi.csv"
10,"results/H17P140.smi.csv"
0,"results/H17P150.smi.csv"
17,"results/H17P160.smi.csv"
22,"results/H17P170.smi.csv"
22,"results/H17P180.smi.csv"
27,"results/H17P190.smi.csv"
35,"results/H17P220.smi.csv"
22,"results/H17P230.smi.csv"
26,"results/H17P240.smi.csv"
23,"results/H17P250.smi.csv"
30,"results/H17P260.smi.csv"
32,"results/H17P270.smi.csv"
37,"results/H17P280.smi.csv"
28,"results/H17P300.smi.csv"
29,"results/H17P310.smi.csv"
50,"results/H17P320.smi.csv"
42,"results/H17P330.smi.csv"
23,"results/H17P340.smi.csv"
26,"results/H17P350.smi.csv"
20,"results/H17P360.smi.csv"
14,"results/H17P370.smi.csv"
26,"results/H17P380.smi.csv"
0,"results/H17P410.smi.csv"
17,"results/H17P420.smi.csv"
0,"results/H17P430.smi.csv"
7,"results/H17P440.smi.csv"
4,"results/H17P450.smi.csv"
6,"results/H17P470.smi.csv"
0,"results/H17P480.smi.csv"
3,"results/H17P490.smi.csv"
16,"results/H17P500.smi.csv"
0,"results/H17P600.smi.csv"
0,"results/H17P700.smi.csv"
3,"results/H18M000.smi.csv"
0,"results/H18M100.smi.csv"
0,"results/H18M200.smi.csv"
0,"results/H18M300.smi.csv"
0,"results/H18M500.smi.csv"
1,"results/H18P000.smi.csv"
0,"results/H18P020.smi.csv"
2,"results/H18P030.smi.csv"
4,"results/H18P040.smi.csv"
0,"results/H18P050.smi.csv"
0,"results/H18P060.smi.csv"
6,"results/H18P070.smi.csv"
9,"results/H18P080.smi.csv"
23,"results/H18P090.smi.csv"
20,"results/H18P120.smi.csv"
40,"results/H18P130.smi.csv"
22,"results/H18P140.smi.csv"
40,"results/H18P150.smi.csv"
42,"results/H18P160.smi.csv"
45,"results/H18P170.smi.csv"
44,"results/H18P180.smi.csv"
44,"results/H18P190.smi.csv"
82,"results/H18P210.smi.csv"
72,"results/H18P220.smi.csv"
98,"results/H18P230.smi.csv"
74,"results/H18P240.smi.csv"
90,"results/H18P250.smi.csv"
0,"results/H18P260.smi.csv"
99,"results/H18P270.smi.csv"
102,"results/H18P300.smi.csv"
122,"results/H18P310.smi.csv"
94,"results/H18P320.smi.csv"
137,"results/H18P330.smi.csv"
108,"results/H18P340.smi.csv"
93,"results/H18P350.smi.csv"
140,"results/H18P360.smi.csv"
81,"results/H18P370.smi.csv"
54,"results/H18P380.smi.csv"
57,"results/H18P400.smi.csv"
42,"results/H18P410.smi.csv"
25,"results/H18P420.smi.csv"
13,"results/H18P430.smi.csv"
0,"results/H18P450.smi.csv"
3,"results/H18P460.smi.csv"
0,"results/H18P470.smi.csv"
0,"results/H18P480.smi.csv"
0,"results/H18P490.smi.csv"
3,"results/H18P500.smi.csv"
0,"results/H18P600.smi.csv"
0,"results/H18P700.smi.csv"
0,"results/H18P800.smi.csv"
10,"results/H19M000.smi.csv"
0,"results/H19M100.smi.csv"
0,"results/H19M200.smi.csv"
0,"results/H19M300.smi.csv"
0,"results/H19M500.smi.csv"
9,"results/H19P000.smi.csv"
6,"results/H19P010.smi.csv"
6,"results/H19P020.smi.csv"
3,"results/H19P030.smi.csv"
11,"results/H19P060.smi.csv"
27,"results/H19P070.smi.csv"
27,"results/H19P080.smi.csv"
40,"results/H19P090.smi.csv"
27,"results/H19P100.smi.csv"
55,"results/H19P110.smi.csv"
0,"results/H19P120.smi.csv"
77,"results/H19P130.smi.csv"
110,"results/H19P140.smi.csv"
67,"results/H19P150.smi.csv"
111,"results/H19P160.smi.csv"
128,"results/H19P170.smi.csv"
80,"results/H19P180.smi.csv"
126,"results/H19P190.smi.csv"
141,"results/H19P200.smi.csv"
170,"results/H19P210.smi.csv"
164,"results/H19P220.smi.csv"
159,"results/H19P230.smi.csv"
171,"results/H19P240.smi.csv"
200,"results/H19P250.smi.csv"
185,"results/H19P260.smi.csv"
0,"results/H19P270.smi.csv"
220,"results/H19P280.smi.csv"
200,"results/H19P290.smi.csv"
265,"results/H19P300.smi.csv"
229,"results/H19P310.smi.csv"
256,"results/H19P320.smi.csv"
267,"results/H19P330.smi.csv"
245,"results/H19P350.smi.csv"
273,"results/H19P360.smi.csv"
219,"results/H19P370.smi.csv"
181,"results/H19P380.smi.csv"
212,"results/H19P400.smi.csv"
117,"results/H19P410.smi.csv"
111,"results/H19P420.smi.csv"
0,"results/H19P430.smi.csv"
80,"results/H19P440.smi.csv"
55,"results/H19P450.smi.csv"
42,"results/H19P460.smi.csv"
0,"results/H19P470.smi.csv"
14,"results/H19P480.smi.csv"
15,"results/H19P490.smi.csv"
7,"results/H19P500.smi.csv"
0,"results/H19P600.smi.csv"
0,"results/H19P700.smi.csv"
0,"results/H19P800.smi.csv"
2,"results/H20M000.smi.csv"
0,"results/H20M100.smi.csv"
0,"results/H20M200.smi.csv"
0,"results/H20M300.smi.csv"
0,"results/H20M400.smi.csv"
0,"results/H20M500.smi.csv"
0,"results/H20P000.smi.csv"
0,"results/H20P010.smi.csv"
0,"results/H20P020.smi.csv"
0,"results/H20P030.smi.csv"
3,"results/H20P040.smi.csv"
4,"results/H20P050.smi.csv"
2,"results/H20P060.smi.csv"
4,"results/H20P070.smi.csv"
0,"results/H20P080.smi.csv"
8,"results/H20P090.smi.csv"
1,"results/H20P100.smi.csv"
8,"results/H20P120.smi.csv"
22,"results/H20P130.smi.csv"
24,"results/H20P150.smi.csv"
10,"results/H20P160.smi.csv"
13,"results/H20P170.smi.csv"
42,"results/H20P210.smi.csv"
53,"results/H20P220.smi.csv"
28,"results/H20P230.smi.csv"
57,"results/H20P240.smi.csv"
47,"results/H20P250.smi.csv"
65,"results/H20P260.smi.csv"
53,"results/H20P270.smi.csv"
73,"results/H20P280.smi.csv"
67,"results/H20P290.smi.csv"
53,"results/H20P300.smi.csv"
50,"results/H20P320.smi.csv"
89,"results/H20P330.smi.csv"
121,"results/H20P340.smi.csv"
65,"results/H20P350.smi.csv"
109,"results/H20P360.smi.csv"
0,"results/H20P370.smi.csv"
80,"results/H20P380.smi.csv"
112,"results/H20P390.smi.csv"
93,"results/H20P400.smi.csv"
32,"results/H20P410.smi.csv"
48,"results/H20P420.smi.csv"
37,"results/H20P430.smi.csv"
35,"results/H20P440.smi.csv"
0,"results/H20P450.smi.csv"
0,"results/H20P460.smi.csv"
21,"results/H20P470.smi.csv"
5,"results/H20P480.smi.csv"
16,"results/H20P490.smi.csv"
9,"results/H20P500.smi.csv"
0,"results/H20P600.smi.csv"
0,"results/H20P700.smi.csv"
0,"results/H20P800.smi.csv"
0,"results/H20P900.smi.csv"
7,"results/H21M000.smi.csv"
1,"results/H21M100.smi.csv"
0,"results/H21M200.smi.csv"
0,"results/H21M300.smi.csv"
0,"results/H21M400.smi.csv"
0,"results/H21M500.smi.csv"
1,"results/H21P000.smi.csv"
0,"results/H21P010.smi.csv"
3,"results/H21P020.smi.csv"
9,"results/H21P030.smi.csv"
6,"results/H21P050.smi.csv"
2,"results/H21P060.smi.csv"
0,"results/H21P070.smi.csv"
10,"results/H21P090.smi.csv"
10,"results/H21P100.smi.csv"
12,"results/H21P110.smi.csv"
13,"results/H21P120.smi.csv"
27,"results/H21P130.smi.csv"
25,"results/H21P150.smi.csv"
25,"results/H21P170.smi.csv"
75,"results/H21P210.smi.csv"
73,"results/H21P220.smi.csv"
102,"results/H21P230.smi.csv"
87,"results/H21P240.smi.csv"
105,"results/H21P250.smi.csv"
86,"results/H21P270.smi.csv"
131,"results/H21P280.smi.csv"
108,"results/H21P300.smi.csv"
147,"results/H21P320.smi.csv"
168,"results/H21P330.smi.csv"
115,"results/H21P350.smi.csv"
93,"results/H21P360.smi.csv"
190,"results/H21P370.smi.csv"
201,"results/H21P380.smi.csv"
128,"results/H21P390.smi.csv"
170,"results/H21P400.smi.csv"
93,"results/H21P420.smi.csv"
171,"results/H21P430.smi.csv"
0,"results/H21P450.smi.csv"
49,"results/H21P460.smi.csv"
88,"results/H21P470.smi.csv"
58,"results/H21P480.smi.csv"
24,"results/H21P490.smi.csv"
96,"results/H21P500.smi.csv"
0,"results/H21P600.smi.csv"
0,"results/H21P700.smi.csv"
0,"results/H21P800.smi.csv"
0,"results/H21P900.smi.csv"
2,"results/H22M100.smi.csv"
0,"results/H22M200.smi.csv"
0,"results/H22M300.smi.csv"
0,"results/H22M400.smi.csv"
0,"results/H22M500.smi.csv"
3,"results/H22P000.smi.csv"
1,"results/H22P010.smi.csv"
9,"results/H22P020.smi.csv"
0,"results/H22P030.smi.csv"
12,"results/H22P040.smi.csv"
10,"results/H22P050.smi.csv"
21,"results/H22P060.smi.csv"
9,"results/H22P070.smi.csv"
8,"results/H22P080.smi.csv"
15,"results/H22P100.smi.csv"
19,"results/H22P110.smi.csv"
39,"results/H22P120.smi.csv"
35,"results/H22P130.smi.csv"
62,"results/H22P140.smi.csv"
102,"results/H22P150.smi.csv"
75,"results/H22P160.smi.csv"
148,"results/H22P170.smi.csv"
82,"results/H22P180.smi.csv"
120,"results/H22P210.smi.csv"
0,"results/H22P220.smi.csv"
196,"results/H22P230.smi.csv"
205,"results/H22P240.smi.csv"
207,"results/H22P250.smi.csv"
254,"results/H22P260.smi.csv"
0,"results/H22P270.smi.csv"
246,"results/H22P280.smi.csv"
308,"results/H22P300.smi.csv"
206,"results/H22P310.smi.csv"
324,"results/H22P320.smi.csv"
303,"results/H22P330.smi.csv"
244,"results/H22P340.smi.csv"
350,"results/H22P350.smi.csv"
308,"results/H22P360.smi.csv"
331,"results/H22P370.smi.csv"
297,"results/H22P380.smi.csv"
206,"results/H22P390.smi.csv"
155,"results/H22P400.smi.csv"
230,"results/H22P410.smi.csv"
215,"results/H22P420.smi.csv"
215,"results/H22P430.smi.csv"
191,"results/H22P440.smi.csv"
206,"results/H22P460.smi.csv"
202,"results/H22P470.smi.csv"
122,"results/H22P480.smi.csv"
64,"results/H22P490.smi.csv"
355,"results/H22P500.smi.csv"
4,"results/H22P600.smi.csv"
0,"results/H22P700.smi.csv"
0,"results/H22P800.smi.csv"
0,"results/H22P900.smi.csv"
3,"results/H23M000.smi.csv"
1,"results/H23M100.smi.csv"
0,"results/H23M200.smi.csv"
0,"results/H23M300.smi.csv"
0,"results/H23M400.smi.csv"
0,"results/H23M500.smi.csv"
3,"results/H23P000.smi.csv"
2,"results/H23P010.smi.csv"
1,"results/H23P020.smi.csv"
11,"results/H23P030.smi.csv"
0,"results/H23P040.smi.csv"
1,"results/H23P050.smi.csv"
0,"results/H23P060.smi.csv"
0,"results/H23P070.smi.csv"
23,"results/H23P080.smi.csv"
0,"results/H23P090.smi.csv"
55,"results/H23P100.smi.csv"
24,"results/H23P110.smi.csv"
26,"results/H23P120.smi.csv"
69,"results/H23P130.smi.csv"
28,"results/H23P140.smi.csv"
52,"results/H23P150.smi.csv"
66,"results/H23P160.smi.csv"
48,"results/H23P170.smi.csv"
73,"results/H23P180.smi.csv"
113,"results/H23P190.smi.csv"
135,"results/H23P210.smi.csv"
170,"results/H23P220.smi.csv"
156,"results/H23P230.smi.csv"
0,"results/H23P240.smi.csv"
159,"results/H23P250.smi.csv"
157,"results/H23P260.smi.csv"
229,"results/H23P270.smi.csv"
157,"results/H23P280.smi.csv"
205,"results/H23P290.smi.csv"
203,"results/H23P300.smi.csv"
215,"results/H23P320.smi.csv"
262,"results/H23P330.smi.csv"
0,"results/H23P350.smi.csv"
243,"results/H23P360.smi.csv"
227,"results/H23P370.smi.csv"
161,"results/H23P380.smi.csv"
223,"results/H23P390.smi.csv"
223,"results/H23P400.smi.csv"
168,"results/H23P410.smi.csv"
207,"results/H23P420.smi.csv"
137,"results/H23P430.smi.csv"
133,"results/H23P450.smi.csv"
204,"results/H23P460.smi.csv"
177,"results/H23P470.smi.csv"
155,"results/H23P480.smi.csv"
276,"results/H23P490.smi.csv"
675,"results/H23P500.smi.csv"
20,"results/H23P600.smi.csv"
0,"results/H23P700.smi.csv"
0,"results/H23P800.smi.csv"
0,"results/H23P900.smi.csv"
3,"results/H24M000.smi.csv"
0,"results/H24M100.smi.csv"
0,"results/H24M200.smi.csv"
0,"results/H24M300.smi.csv"
0,"results/H24M400.smi.csv"
0,"results/H24M500.smi.csv"
0,"results/H24P000.smi.csv"
0,"results/H24P010.smi.csv"
2,"results/H24P020.smi.csv"
7,"results/H24P030.smi.csv"
1,"results/H24P040.smi.csv"
1,"results/H24P050.smi.csv"
5,"results/H24P060.smi.csv"
0,"results/H24P070.smi.csv"
3,"results/H24P080.smi.csv"
8,"results/H24P090.smi.csv"
16,"results/H24P100.smi.csv"
17,"results/H24P110.smi.csv"
38,"results/H24P120.smi.csv"
46,"results/H24P140.smi.csv"
40,"results/H24P150.smi.csv"
75,"results/H24P160.smi.csv"
60,"results/H24P170.smi.csv"
62,"results/H24P180.smi.csv"
45,"results/H24P190.smi.csv"
50,"results/H24P200.smi.csv"
52,"results/H24P210.smi.csv"
77,"results/H24P220.smi.csv"
0,"results/H24P230.smi.csv"
136,"results/H24P240.smi.csv"
145,"results/H24P250.smi.csv"
0,"results/H24P260.smi.csv"
146,"results/H24P270.smi.csv"
142,"results/H24P280.smi.csv"
160,"results/H24P290.smi.csv"
142,"results/H24P300.smi.csv"
0,"results/H24P310.smi.csv"
110,"results/H24P320.smi.csv"
115,"results/H24P330.smi.csv"
116,"results/H24P350.smi.csv"
263,"results/H24P370.smi.csv"
338,"results/H24P380.smi.csv"
219,"results/H24P400.smi.csv"
348,"results/H24P410.smi.csv"
196,"results/H24P420.smi.csv"
258,"results/H24P430.smi.csv"
217,"results/H24P440.smi.csv"
154,"results/H24P450.smi.csv"
161,"results/H24P460.smi.csv"
162,"results/H24P470.smi.csv"
92,"results/H24P480.smi.csv"
106,"results/H24P490.smi.csv"
708,"results/H24P500.smi.csv"
84,"results/H24P600.smi.csv"
0,"results/H24P700.smi.csv"
0,"results/H24P800.smi.csv"
0,"results/H24P900.smi.csv"
0,"results/H25M000.smi.csv"
0,"results/H25M100.smi.csv"
0,"results/H25M200.smi.csv"
0,"results/H25M300.smi.csv"
0,"results/H25P000.smi.csv"
0,"results/H25P010.smi.csv"
2,"results/H25P020.smi.csv"
2,"results/H25P030.smi.csv"
3,"results/H25P040.smi.csv"
1,"results/H25P050.smi.csv"
0,"results/H25P060.smi.csv"
16,"results/H25P070.smi.csv"
4,"results/H25P080.smi.csv"
18,"results/H25P090.smi.csv"
10,"results/H25P100.smi.csv"
14,"results/H25P110.smi.csv"
26,"results/H25P120.smi.csv"
29,"results/H25P130.smi.csv"
68,"results/H25P150.smi.csv"
114,"results/H25P160.smi.csv"
82,"results/H25P170.smi.csv"
97,"results/H25P180.smi.csv"
141,"results/H25P190.smi.csv"
187,"results/H25P200.smi.csv"
176,"results/H25P210.smi.csv"
193,"results/H25P220.smi.csv"
180,"results/H25P230.smi.csv"
175,"results/H25P250.smi.csv"
236,"results/H25P260.smi.csv"
224,"results/H25P270.smi.csv"
309,"results/H25P280.smi.csv"
363,"results/H25P290.smi.csv"
478,"results/H25P300.smi.csv"
0,"results/H25P310.smi.csv"
320,"results/H25P320.smi.csv"
380,"results/H25P330.smi.csv"
383,"results/H25P340.smi.csv"
336,"results/H25P350.smi.csv"
322,"results/H25P360.smi.csv"
278,"results/H25P370.smi.csv"
270,"results/H25P380.smi.csv"
273,"results/H25P390.smi.csv"
342,"results/H25P400.smi.csv"
301,"results/H25P410.smi.csv"
333,"results/H25P420.smi.csv"
290,"results/H25P440.smi.csv"
450,"results/H25P450.smi.csv"
0,"results/H25P460.smi.csv"
167,"results/H25P470.smi.csv"
225,"results/H25P480.smi.csv"
146,"results/H25P490.smi.csv"
923,"results/H25P500.smi.csv"
28,"results/H25P600.smi.csv"
0,"results/H25P700.smi.csv"
0,"results/H25P800.smi.csv"
0,"results/H25P900.smi.csv"
0,"results/H26M000.smi.csv"
0,"results/H26M100.smi.csv"
0,"results/H26M200.smi.csv"
0,"results/H26M300.smi.csv"
0,"results/H26M400.smi.csv"
0,"results/H26M500.smi.csv"
1,"results/H26P000.smi.csv"
0,"results/H26P010.smi.csv"
0,"results/H26P020.smi.csv"
0,"results/H26P030.smi.csv"
1,"results/H26P040.smi.csv"
0,"results/H26P050.smi.csv"
1,"results/H26P070.smi.csv"
4,"results/H26P090.smi.csv"
0,"results/H26P100.smi.csv"
4,"results/H26P110.smi.csv"
3,"results/H26P120.smi.csv"
4,"results/H26P130.smi.csv"
14,"results/H26P140.smi.csv"
15,"results/H26P150.smi.csv"
16,"results/H26P160.smi.csv"
0,"results/H26P170.smi.csv"
41,"results/H26P180.smi.csv"
38,"results/H26P190.smi.csv"
25,"results/H26P200.smi.csv"
46,"results/H26P210.smi.csv"
42,"results/H26P220.smi.csv"
61,"results/H26P230.smi.csv"
47,"results/H26P240.smi.csv"
63,"results/H26P250.smi.csv"
49,"results/H26P260.smi.csv"
145,"results/H26P270.smi.csv"
157,"results/H26P280.smi.csv"
97,"results/H26P290.smi.csv"
150,"results/H26P300.smi.csv"
156,"results/H26P310.smi.csv"
0,"results/H26P320.smi.csv"
187,"results/H26P330.smi.csv"
162,"results/H26P340.smi.csv"
221,"results/H26P350.smi.csv"
0,"results/H26P360.smi.csv"
314,"results/H26P370.smi.csv"
196,"results/H26P380.smi.csv"
220,"results/H26P390.smi.csv"
197,"results/H26P400.smi.csv"
238,"results/H26P410.smi.csv"
212,"results/H26P420.smi.csv"
146,"results/H26P430.smi.csv"
169,"results/H26P440.smi.csv"
217,"results/H26P450.smi.csv"
125,"results/H26P460.smi.csv"
173,"results/H26P470.smi.csv"
173,"results/H26P480.smi.csv"
180,"results/H26P490.smi.csv"
1037,"results/H26P500.smi.csv"
105,"results/H26P600.smi.csv"
0,"results/H26P700.smi.csv"
0,"results/H26P800.smi.csv"
0,"results/H26P900.smi.csv"
0,"results/H27M000.smi.csv"
0,"results/H27M100.smi.csv"
0,"results/H27M200.smi.csv"
0,"results/H27M300.smi.csv"
0,"results/H27M400.smi.csv"
0,"results/H27M500.smi.csv"
0,"results/H27P000.smi.csv"
0,"results/H27P010.smi.csv"
0,"results/H27P020.smi.csv"
0,"results/H27P030.smi.csv"
0,"results/H27P040.smi.csv"
1,"results/H27P050.smi.csv"
0,"results/H27P060.smi.csv"
0,"results/H27P070.smi.csv"
0,"results/H27P080.smi.csv"
1,"results/H27P090.smi.csv"
0,"results/H27P100.smi.csv"
0,"results/H27P110.smi.csv"
0,"results/H27P120.smi.csv"
3,"results/H27P130.smi.csv"
1,"results/H27P140.smi.csv"
0,"results/H27P150.smi.csv"
11,"results/H27P160.smi.csv"
9,"results/H27P170.smi.csv"
14,"results/H27P180.smi.csv"
0,"results/H27P190.smi.csv"
13,"results/H27P210.smi.csv"
35,"results/H27P220.smi.csv"
18,"results/H27P230.smi.csv"
36,"results/H27P240.smi.csv"
31,"results/H27P250.smi.csv"
38,"results/H27P260.smi.csv"
63,"results/H27P270.smi.csv"
59,"results/H27P280.smi.csv"
111,"results/H27P290.smi.csv"
74,"results/H27P300.smi.csv"
0,"results/H27P310.smi.csv"
136,"results/H27P320.smi.csv"
87,"results/H27P330.smi.csv"
139,"results/H27P340.smi.csv"
176,"results/H27P350.smi.csv"
142,"results/H27P360.smi.csv"
173,"results/H27P370.smi.csv"
0,"results/H27P380.smi.csv"
216,"results/H27P390.smi.csv"
246,"results/H27P400.smi.csv"
207,"results/H27P410.smi.csv"
229,"results/H27P420.smi.csv"
219,"results/H27P440.smi.csv"
149,"results/H27P450.smi.csv"
160,"results/H27P460.smi.csv"
106,"results/H27P470.smi.csv"
156,"results/H27P480.smi.csv"
164,"results/H27P490.smi.csv"
968,"results/H27P500.smi.csv"
145,"results/H27P600.smi.csv"
0,"results/H27P700.smi.csv"
0,"results/H27P800.smi.csv"
0,"results/H27P900.smi.csv"
0,"results/H28M000.smi.csv"
0,"results/H28M100.smi.csv"
0,"results/H28M200.smi.csv"
0,"results/H28M300.smi.csv"
0,"results/H28M400.smi.csv"
0,"results/H28M500.smi.csv"
0,"results/H28P000.smi.csv"
0,"results/H28P010.smi.csv"
0,"results/H28P020.smi.csv"
4,"results/H28P030.smi.csv"
1,"results/H28P040.smi.csv"
0,"results/H28P050.smi.csv"
0,"results/H28P060.smi.csv"
0,"results/H28P070.smi.csv"
5,"results/H28P080.smi.csv"
0,"results/H28P090.smi.csv"
1,"results/H28P100.smi.csv"
0,"results/H28P110.smi.csv"
5,"results/H28P120.smi.csv"
3,"results/H28P130.smi.csv"
4,"results/H28P140.smi.csv"
0,"results/H28P150.smi.csv"
5,"results/H28P160.smi.csv"
12,"results/H28P170.smi.csv"
7,"results/H28P180.smi.csv"
19,"results/H28P190.smi.csv"
26,"results/H28P200.smi.csv"
25,"results/H28P210.smi.csv"
39,"results/H28P220.smi.csv"
28,"results/H28P230.smi.csv"
34,"results/H28P240.smi.csv"
37,"results/H28P250.smi.csv"
63,"results/H28P260.smi.csv"
54,"results/H28P270.smi.csv"
89,"results/H28P280.smi.csv"
69,"results/H28P290.smi.csv"
124,"results/H28P310.smi.csv"
85,"results/H28P320.smi.csv"
0,"results/H28P340.smi.csv"
99,"results/H28P350.smi.csv"
113,"results/H28P360.smi.csv"
138,"results/H28P370.smi.csv"
156,"results/H28P380.smi.csv"
218,"results/H28P390.smi.csv"
178,"results/H28P400.smi.csv"
214,"results/H28P410.smi.csv"
0,"results/H28P420.smi.csv"
172,"results/H28P430.smi.csv"
185,"results/H28P450.smi.csv"
125,"results/H28P460.smi.csv"
205,"results/H28P470.smi.csv"
129,"results/H28P480.smi.csv"
132,"results/H28P490.smi.csv"
895,"results/H28P500.smi.csv"
510,"results/H28P600.smi.csv"
1,"results/H28P700.smi.csv"
0,"results/H28P800.smi.csv"
0,"results/H28P900.smi.csv"
0,"results/H29M000.smi.csv"
0,"results/H29M100.smi.csv"
0,"results/H29M200.smi.csv"
0,"results/H29M300.smi.csv"
0,"results/H29M400.smi.csv"
0,"results/H29M500.smi.csv"
0,"results/H29P000.smi.csv"
0,"results/H29P010.smi.csv"
0,"results/H29P020.smi.csv"
0,"results/H29P030.smi.csv"
0,"results/H29P040.smi.csv"
0,"results/H29P050.smi.csv"
0,"results/H29P060.smi.csv"
0,"results/H29P070.smi.csv"
0,"results/H29P080.smi.csv"
4,"results/H29P090.smi.csv"
0,"results/H29P100.smi.csv"
4,"results/H29P110.smi.csv"
4,"results/H29P120.smi.csv"
3,"results/H29P130.smi.csv"
0,"results/H29P140.smi.csv"
5,"results/H29P150.smi.csv"
9,"results/H29P160.smi.csv"
25,"results/H29P170.smi.csv"
13,"results/H29P180.smi.csv"
14,"results/H29P190.smi.csv"
18,"results/H29P200.smi.csv"
24,"results/H29P210.smi.csv"
14,"results/H29P220.smi.csv"
31,"results/H29P230.smi.csv"
51,"results/H29P240.smi.csv"
58,"results/H29P250.smi.csv"
40,"results/H29P260.smi.csv"
97,"results/H29P270.smi.csv"
63,"results/H29P280.smi.csv"
103,"results/H29P290.smi.csv"
124,"results/H29P300.smi.csv"
100,"results/H29P310.smi.csv"
108,"results/H29P320.smi.csv"
136,"results/H29P330.smi.csv"
144,"results/H29P340.smi.csv"
137,"results/H29P350.smi.csv"
169,"results/H29P360.smi.csv"
167,"results/H29P370.smi.csv"
117,"results/H29P380.smi.csv"
173,"results/H29P390.smi.csv"
161,"results/H29P400.smi.csv"
185,"results/H29P410.smi.csv"
207,"results/H29P420.smi.csv"
178,"results/H29P430.smi.csv"
176,"results/H29P440.smi.csv"
148,"results/H29P450.smi.csv"
191,"results/H29P460.smi.csv"
158,"results/H29P470.smi.csv"
141,"results/H29P480.smi.csv"
160,"results/H29P490.smi.csv"
932,"results/H29P500.smi.csv"
1109,"results/H29P600.smi.csv"
246,"results/H29P700.smi.csv"
0,"results/H29P800.smi.csv"
0,"results/H29P900.smi.csv"
0,"results/H30M000.smi.csv"
0,"results/H30M100.smi.csv"
0,"results/H30P000.smi.csv"
0,"results/H30P010.smi.csv"
0,"results/H30P020.smi.csv"
0,"results/H30P030.smi.csv"
0,"results/H30P040.smi.csv"
0,"results/H30P050.smi.csv"
0,"results/H30P060.smi.csv"
0,"results/H30P070.smi.csv"
0,"results/H30P080.smi.csv"
0,"results/H30P090.smi.csv"
0,"results/H30P100.smi.csv"
0,"results/H30P110.smi.csv"
0,"results/H30P120.smi.csv"
0,"results/H30P130.smi.csv"
0,"results/H30P140.smi.csv"
0,"results/H30P150.smi.csv"
0,"results/H30P160.smi.csv"
0,"results/H30P170.smi.csv"
0,"results/H30P180.smi.csv"
0,"results/H30P190.smi.csv"
0,"results/H30P200.smi.csv"
0,"results/H30P210.smi.csv"
0,"results/H30P220.smi.csv"
0,"results/H30P230.smi.csv"
0,"results/H30P240.smi.csv"
0,"results/H30P250.smi.csv"
0,"results/H30P260.smi.csv"
0,"results/H30P270.smi.csv"
0,"results/H30P280.smi.csv"
0,"results/H30P290.smi.csv"
0,"results/H30P300.smi.csv"
0,"results/H30P310.smi.csv"
0,"results/H30P320.smi.csv"
0,"results/H30P330.smi.csv"
0,"results/H30P340.smi.csv"
0,"results/H30P350.smi.csv"
0,"results/H30P360.smi.csv"
0,"results/H30P370.smi.csv"
0,"results/H30P380.smi.csv"
0,"results/H30P390.smi.csv"
0,"results/H30P400.smi.csv"
0,"results/H30P410.smi.csv"
0,"results/H30P420.smi.csv"
0,"results/H30P430.smi.csv"
0,"results/H30P440.smi.csv"
0,"results/H30P450.smi.csv"
0,"results/H30P460.smi.csv"
0,"results/H30P470.smi.csv"
0,"results/H30P480.smi.csv"
0,"results/H30P490.smi.csv"
0,"results/H30P500.smi.csv"
0,"results/H31M000.smi.csv"
0,"results/H31M100.smi.csv"
0,"results/H31P000.smi.csv"
0,"results/H31P010.smi.csv"
0,"results/H31P020.smi.csv"
0,"results/H31P030.smi.csv"
0,"results/H31P040.smi.csv"
0,"results/H31P050.smi.csv"
0,"results/H31P060.smi.csv"
0,"results/H31P070.smi.csv"
0,"results/H31P080.smi.csv"
0,"results/H31P090.smi.csv"
0,"results/H31P100.smi.csv"
0,"results/H31P110.smi.csv"
0,"results/H31P120.smi.csv"
0,"results/H31P130.smi.csv"
0,"results/H31P140.smi.csv"
0,"results/H31P150.smi.csv"
0,"results/H31P160.smi.csv"
0,"results/H31P170.smi.csv"
0,"results/H31P180.smi.csv"
0,"results/H31P190.smi.csv"
0,"results/H31P200.smi.csv"
0,"results/H31P210.smi.csv"
0,"results/H31P220.smi.csv"
0,"results/H31P230.smi.csv"
0,"results/H31P240.smi.csv"
0,"results/H31P250.smi.csv"
0,"results/H31P260.smi.csv"
0,"results/H31P270.smi.csv"
0,"results/H31P280.smi.csv"
0,"results/H31P290.smi.csv"
0,"results/H31P300.smi.csv"
0,"results/H31P310.smi.csv"
0,"results/H31P320.smi.csv"
0,"results/H31P330.smi.csv"
0,"results/H31P340.smi.csv"
0,"results/H31P350.smi.csv"
0,"results/H31P360.smi.csv"
0,"results/H31P370.smi.csv"
0,"results/H31P380.smi.csv"
0,"results/H31P390.smi.csv"
0,"results/H31P400.smi.csv"
0,"results/H31P410.smi.csv"
0,"results/H31P420.smi.csv"
0,"results/H31P430.smi.csv"
0,"results/H31P440.smi.csv"
0,"results/H31P450.smi.csv"
0,"results/H31P460.smi.csv"
0,"results/H31P470.smi.csv"
0,"results/H31P480.smi.csv"
0,"results/H31P490.smi.csv"
0,"results/H31P500.smi.csv"
0,"results/H32M000.smi.csv"
0,"results/H32P000.smi.csv"
0,"results/H32P010.smi.csv"
0,"results/H32P020.smi.csv"
0,"results/H32P030.smi.csv"
0,"results/H32P040.smi.csv"
0,"results/H32P050.smi.csv"
0,"results/H32P060.smi.csv"
0,"results/H32P070.smi.csv"
0,"results/H32P080.smi.csv"
0,"results/H32P090.smi.csv"
0,"results/H32P100.smi.csv"
0,"results/H32P110.smi.csv"
0,"results/H32P120.smi.csv"
0,"results/H32P130.smi.csv"
0,"results/H32P140.smi.csv"
0,"results/H32P150.smi.csv"
0,"results/H32P160.smi.csv"
0,"results/H32P170.smi.csv"
0,"results/H32P180.smi.csv"
0,"results/H32P190.smi.csv"
0,"results/H32P200.smi.csv"
0,"results/H32P210.smi.csv"
0,"results/H32P220.smi.csv"
0,"results/H32P230.smi.csv"
0,"results/H32P240.smi.csv"
0,"results/H32P250.smi.csv"
0,"results/H32P260.smi.csv"
0,"results/H32P270.smi.csv"
0,"results/H32P280.smi.csv"
0,"results/H32P290.smi.csv"
0,"results/H32P300.smi.csv"
0,"results/H32P310.smi.csv"
0,"results/H32P320.smi.csv"
0,"results/H32P330.smi.csv"
0,"results/H32P340.smi.csv"
0,"results/H32P350.smi.csv"
0,"results/H32P360.smi.csv"
0,"results/H32P370.smi.csv"
0,"results/H32P380.smi.csv"
0,"results/H32P390.smi.csv"
0,"results/H32P400.smi.csv"
0,"results/H32P410.smi.csv"
0,"results/H32P420.smi.csv"
0,"results/H32P430.smi.csv"
0,"results/H32P440.smi.csv"
0,"results/H32P450.smi.csv"
0,"results/H32P460.smi.csv"
0,"results/H32P470.smi.csv"
0,"results/H32P480.smi.csv"
0,"results/H32P490.smi.csv"
0,"results/H32P500.smi.csv"
0,"results/H32P600.smi.csv"
0,"results/H33M000.smi.csv"
0,"results/H33M100.smi.csv"
0,"results/H33P000.smi.csv"
0,"results/H33P010.smi.csv"
0,"results/H33P020.smi.csv"
0,"results/H33P030.smi.csv"
0,"results/H33P040.smi.csv"
0,"results/H33P050.smi.csv"
0,"results/H33P060.smi.csv"
0,"results/H33P070.smi.csv"
0,"results/H33P080.smi.csv"
0,"results/H33P090.smi.csv"
0,"results/H33P100.smi.csv"
0,"results/H33P110.smi.csv"
0,"results/H33P120.smi.csv"
0,"results/H33P130.smi.csv"
0,"results/H33P140.smi.csv"
0,"results/H33P150.smi.csv"
0,"results/H33P160.smi.csv"
0,"results/H33P170.smi.csv"
0,"results/H33P180.smi.csv"
0,"results/H33P190.smi.csv"
0,"results/H33P200.smi.csv"
0,"results/H33P210.smi.csv"
0,"results/H33P220.smi.csv"
0,"results/H33P230.smi.csv"
0,"results/H33P240.smi.csv"
0,"results/H33P250.smi.csv"
0,"results/H33P260.smi.csv"
0,"results/H33P270.smi.csv"
0,"results/H33P280.smi.csv"
0,"results/H33P290.smi.csv"
0,"results/H33P300.smi.csv"
0,"results/H33P310.smi.csv"
0,"results/H33P320.smi.csv"
0,"results/H33P330.smi.csv"
0,"results/H33P340.smi.csv"
0,"results/H33P350.smi.csv"
0,"results/H33P360.smi.csv"
0,"results/H33P370.smi.csv"
0,"results/H33P380.smi.csv"
0,"results/H33P390.smi.csv"
0,"results/H33P400.smi.csv"
0,"results/H33P410.smi.csv"
0,"results/H33P420.smi.csv"
0,"results/H33P430.smi.csv"
0,"results/H33P440.smi.csv"
0,"results/H33P450.smi.csv"
0,"results/H33P460.smi.csv"
0,"results/H33P470.smi.csv"
0,"results/H33P480.smi.csv"
0,"results/H33P490.smi.csv"
0,"results/H33P500.smi.csv"
0,"results/H33P600.smi.csv"
0,"results/H34M000.smi.csv"
0,"results/H34M100.smi.csv"
0,"results/H34P000.smi.csv"
0,"results/H34P010.smi.csv"
0,"results/H34P020.smi.csv"
0,"results/H34P030.smi.csv"
0,"results/H34P040.smi.csv"
0,"results/H34P050.smi.csv"
0,"results/H34P060.smi.csv"
0,"results/H34P070.smi.csv"
0,"results/H34P080.smi.csv"
0,"results/H34P090.smi.csv"
0,"results/H34P100.smi.csv"
0,"results/H34P110.smi.csv"
0,"results/H34P120.smi.csv"
0,"results/H34P130.smi.csv"
0,"results/H34P140.smi.csv"
0,"results/H34P160.smi.csv"
0,"results/H34P170.smi.csv"
0,"results/H34P180.smi.csv"
0,"results/H34P190.smi.csv"
0,"results/H34P200.smi.csv"
0,"results/H34P210.smi.csv"
0,"results/H34P220.smi.csv"
0,"results/H34P230.smi.csv"
0,"results/H34P240.smi.csv"
0,"results/H34P250.smi.csv"
0,"results/H34P260.smi.csv"
0,"results/H34P270.smi.csv"
0,"results/H34P280.smi.csv"
0,"results/H34P290.smi.csv"
0,"results/H34P300.smi.csv"
0,"results/H34P310.smi.csv"
0,"results/H34P320.smi.csv"
0,"results/H34P330.smi.csv"
0,"results/H34P340.smi.csv"
0,"results/H34P350.smi.csv"
0,"results/H34P370.smi.csv"
0,"results/H34P380.smi.csv"
0,"results/H34P390.smi.csv"
0,"results/H34P400.smi.csv"
0,"results/H34P410.smi.csv"
0,"results/H34P420.smi.csv"
0,"results/H34P430.smi.csv"
0,"results/H34P440.smi.csv"
0,"results/H34P450.smi.csv"
0,"results/H34P460.smi.csv"
0,"results/H34P470.smi.csv"
0,"results/H34P480.smi.csv"
0,"results/H34P490.smi.csv"
0,"results/H34P500.smi.csv"
0,"results/H34P600.smi.csv"
0,"results/H35M000.smi.csv"
0,"results/H35M100.smi.csv"
0,"results/H35P000.smi.csv"
0,"results/H35P010.smi.csv"
0,"results/H35P020.smi.csv"
0,"results/H35P030.smi.csv"
0,"results/H35P040.smi.csv"
0,"results/H35P050.smi.csv"
0,"results/H35P060.smi.csv"
0,"results/H35P070.smi.csv"
0,"results/H35P080.smi.csv"
0,"results/H35P090.smi.csv"
0,"results/H35P100.smi.csv"
0,"results/H35P110.smi.csv"
0,"results/H35P120.smi.csv"
0,"results/H35P130.smi.csv"
0,"results/H35P140.smi.csv"
0,"results/H35P150.smi.csv"
0,"results/H35P160.smi.csv"
0,"results/H35P170.smi.csv"
0,"results/H35P180.smi.csv"
0,"results/H35P190.smi.csv"
0,"results/H35P200.smi.csv"
0,"results/H35P210.smi.csv"
0,"results/H35P220.smi.csv"
0,"results/H35P230.smi.csv"
0,"results/H35P240.smi.csv"
0,"results/H35P250.smi.csv"
0,"results/H35P260.smi.csv"
0,"results/H35P270.smi.csv"
0,"results/H35P280.smi.csv"
0,"results/H35P290.smi.csv"
0,"results/H35P300.smi.csv"
0,"results/H35P310.smi.csv"
0,"results/H35P320.smi.csv"
0,"results/H35P330.smi.csv"
0,"results/H35P340.smi.csv"
0,"results/H35P350.smi.csv"
0,"results/H35P360.smi.csv"
0,"results/H35P370.smi.csv"
0,"results/H35P380.smi.csv"
0,"results/H35P390.smi.csv"
0,"results/H35P400.smi.csv"
0,"results/H35P410.smi.csv"
0,"results/H35P420.smi.csv"
0,"results/H35P430.smi.csv"
0,"results/H35P440.smi.csv"
0,"results/H35P450.smi.csv"
0,"results/H35P460.smi.csv"
0,"results/H35P470.smi.csv"
0,"results/H35P480.smi.csv"
0,"results/H35P490.smi.csv"
0,"results/H35P500.smi.csv"
0,"results/H35P600.smi.csv"
0,"results/H36M000.smi.csv"
0,"results/H36M100.smi.csv"
0,"results/H36P000.smi.csv"
0,"results/H36P010.smi.csv"
0,"results/H36P020.smi.csv"
0,"results/H36P030.smi.csv"
0,"results/H36P040.smi.csv"
0,"results/H36P050.smi.csv"
0,"results/H36P060.smi.csv"
0,"results/H36P070.smi.csv"
0,"results/H36P080.smi.csv"
0,"results/H36P090.smi.csv"
0,"results/H36P100.smi.csv"
0,"results/H36P110.smi.csv"
0,"results/H36P120.smi.csv"
0,"results/H36P130.smi.csv"
0,"results/H36P140.smi.csv"
0,"results/H36P150.smi.csv"
0,"results/H36P160.smi.csv"
0,"results/H36P170.smi.csv"
0,"results/H36P180.smi.csv"
0,"results/H36P190.smi.csv"
0,"results/H36P200.smi.csv"
0,"results/H36P210.smi.csv"
0,"results/H36P220.smi.csv"
0,"results/H36P230.smi.csv"
0,"results/H36P240.smi.csv"
0,"results/H36P250.smi.csv"
0,"results/H36P260.smi.csv"
0,"results/H36P270.smi.csv"
0,"results/H36P280.smi.csv"
0,"results/H36P290.smi.csv"
0,"results/H36P300.smi.csv"
0,"results/H36P310.smi.csv"
0,"results/H36P320.smi.csv"
0,"results/H36P330.smi.csv"
0,"results/H36P340.smi.csv"
0,"results/H36P350.smi.csv"
0,"results/H36P360.smi.csv"
0,"results/H36P370.smi.csv"
0,"results/H36P380.smi.csv"
0,"results/H36P390.smi.csv"
0,"results/H36P400.smi.csv"
0,"results/H36P410.smi.csv"
0,"results/H36P420.smi.csv"
0,"results/H36P430.smi.csv"
0,"results/H36P440.smi.csv"
0,"results/H36P450.smi.csv"
0,"results/H36P460.smi.csv"
0,"results/H36P470.smi.csv"
0,"results/H36P480.smi.csv"
0,"results/H36P490.smi.csv"
0,"results/H36P500.smi.csv"
0,"results/H36P600.smi.csv"
0,"results/H37M000.smi.csv"
0,"results/H37P000.smi.csv"
0,"results/H37P010.smi.csv"
0,"results/H37P020.smi.csv"
0,"results/H37P030.smi.csv"
0,"results/H37P040.smi.csv"
0,"results/H37P050.smi.csv"
0,"results/H37P060.smi.csv"
0,"results/H37P070.smi.csv"
0,"results/H37P080.smi.csv"
0,"results/H37P090.smi.csv"
0,"results/H37P100.smi.csv"
0,"results/H37P110.smi.csv"
0,"results/H37P120.smi.csv"
0,"results/H37P130.smi.csv"
0,"results/H37P140.smi.csv"
0,"results/H37P150.smi.csv"
0,"results/H37P160.smi.csv"
0,"results/H37P170.smi.csv"
0,"results/H37P180.smi.csv"
0,"results/H37P190.smi.csv"
0,"results/H37P200.smi.csv"
0,"results/H37P210.smi.csv"
0,"results/H37P220.smi.csv"
0,"results/H37P230.smi.csv"
0,"results/H37P240.smi.csv"
0,"results/H37P250.smi.csv"
0,"results/H37P260.smi.csv"
0,"results/H37P270.smi.csv"
0,"results/H37P280.smi.csv"
0,"results/H37P290.smi.csv"
0,"results/H37P300.smi.csv"
0,"results/H37P310.smi.csv"
0,"results/H37P320.smi.csv"
0,"results/H37P330.smi.csv"
0,"results/H37P340.smi.csv"
0,"results/H37P350.smi.csv"
0,"results/H37P360.smi.csv"
0,"results/H37P370.smi.csv"
0,"results/H37P380.smi.csv"
0,"results/H37P390.smi.csv"
0,"results/H37P400.smi.csv"
0,"results/H37P410.smi.csv"
0,"results/H37P420.smi.csv"
0,"results/H37P430.smi.csv"
0,"results/H37P440.smi.csv"
0,"results/H37P450.smi.csv"
0,"results/H37P460.smi.csv"
0,"results/H37P470.smi.csv"
0,"results/H37P480.smi.csv"
0,"results/H37P490.smi.csv"
0,"results/H37P500.smi.csv"
0,"results/H37P600.smi.csv"
0,"results/H37P700.smi.csv"
0,"results/H38M000.smi.csv"
0,"results/H38P000.smi.csv"
0,"results/H38P010.smi.csv"
0,"results/H38P030.smi.csv"
0,"results/H38P040.smi.csv"
0,"results/H38P050.smi.csv"
0,"results/H38P060.smi.csv"
0,"results/H38P070.smi.csv"
0,"results/H38P080.smi.csv"
0,"results/H38P090.smi.csv"
0,"results/H38P100.smi.csv"
0,"results/H38P110.smi.csv"
0,"results/H38P120.smi.csv"
0,"results/H38P130.smi.csv"
0,"results/H38P140.smi.csv"
0,"results/H38P150.smi.csv"
0,"results/H38P160.smi.csv"
0,"results/H38P170.smi.csv"
0,"results/H38P180.smi.csv"
0,"results/H38P190.smi.csv"
0,"results/H38P200.smi.csv"
0,"results/H38P210.smi.csv"
0,"results/H38P220.smi.csv"
0,"results/H38P230.smi.csv"
0,"results/H38P240.smi.csv"
0,"results/H38P250.smi.csv"
0,"results/H38P260.smi.csv"
0,"results/H38P270.smi.csv"
0,"results/H38P280.smi.csv"
0,"results/H38P290.smi.csv"
0,"results/H38P300.smi.csv"
0,"results/H38P310.smi.csv"
0,"results/H38P320.smi.csv"
0,"results/H38P330.smi.csv"
0,"results/H38P340.smi.csv"
0,"results/H38P350.smi.csv"
0,"results/H38P360.smi.csv"
0,"results/H38P370.smi.csv"
0,"results/H38P380.smi.csv"
0,"results/H38P390.smi.csv"
0,"results/H38P400.smi.csv"
0,"results/H38P410.smi.csv"
0,"results/H38P420.smi.csv"
0,"results/H38P430.smi.csv"
0,"results/H38P440.smi.csv"
0,"results/H38P450.smi.csv"
0,"results/H38P460.smi.csv"
0,"results/H38P470.smi.csv"
0,"results/H38P480.smi.csv"
0,"results/H38P490.smi.csv"
0,"results/H38P500.smi.csv"
0,"results/H38P600.smi.csv"
0,"results/H38P700.smi.csv"
0,"results/H39M000.smi.csv"
0,"results/H39P010.smi.csv"
0,"results/H39P030.smi.csv"
0,"results/H39P050.smi.csv"
0,"results/H39P060.smi.csv"
0,"results/H39P070.smi.csv"
0,"results/H39P080.smi.csv"
0,"results/H39P090.smi.csv"
0,"results/H39P100.smi.csv"
0,"results/H39P110.smi.csv"
0,"results/H39P120.smi.csv"
0,"results/H39P130.smi.csv"
0,"results/H39P140.smi.csv"
0,"results/H39P150.smi.csv"
0,"results/H39P160.smi.csv"
0,"results/H39P170.smi.csv"
0,"results/H39P180.smi.csv"
0,"results/H39P190.smi.csv"
0,"results/H39P200.smi.csv"
0,"results/H39P210.smi.csv"
0,"results/H39P220.smi.csv"
0,"results/H39P230.smi.csv"
0,"results/H39P240.smi.csv"
0,"results/H39P250.smi.csv"
0,"results/H39P260.smi.csv"
0,"results/H39P270.smi.csv"
0,"results/H39P280.smi.csv"
0,"results/H39P290.smi.csv"
0,"results/H39P300.smi.csv"
0,"results/H39P310.smi.csv"
0,"results/H39P320.smi.csv"
0,"results/H39P330.smi.csv"
0,"results/H39P340.smi.csv"
0,"results/H39P350.smi.csv"
0,"results/H39P360.smi.csv"
0,"results/H39P370.smi.csv"
0,"results/H39P380.smi.csv"
0,"results/H39P390.smi.csv"
0,"results/H39P400.smi.csv"
0,"results/H39P410.smi.csv"
0,"results/H39P420.smi.csv"
0,"results/H39P430.smi.csv"
0,"results/H39P440.smi.csv"
0,"results/H39P450.smi.csv"
0,"results/H39P460.smi.csv"
0,"results/H39P470.smi.csv"
0,"results/H39P480.smi.csv"
0,"results/H39P490.smi.csv"
0,"results/H39P500.smi.csv"
0,"results/H39P600.smi.csv"
0,"results/H40P060.smi.csv"
0,"results/H40P080.smi.csv"
0,"results/H40P090.smi.csv"
0,"results/H40P100.smi.csv"
0,"results/H40P110.smi.csv"
0,"results/H40P130.smi.csv"
0,"results/H40P140.smi.csv"
0,"results/H40P150.smi.csv"
0,"results/H40P160.smi.csv"
0,"results/H40P170.smi.csv"
0,"results/H40P180.smi.csv"
0,"results/H40P190.smi.csv"
0,"results/H40P200.smi.csv"
0,"results/H40P210.smi.csv"
0,"results/H40P220.smi.csv"
0,"results/H40P230.smi.csv"
0,"results/H40P240.smi.csv"
0,"results/H40P250.smi.csv"
0,"results/H40P260.smi.csv"
0,"results/H40P270.smi.csv"
0,"results/H40P280.smi.csv"
0,"results/H40P290.smi.csv"
0,"results/H40P300.smi.csv"
0,"results/H40P310.smi.csv"
0,"results/H40P320.smi.csv"
0,"results/H40P330.smi.csv"
0,"results/H40P340.smi.csv"
0,"results/H40P350.smi.csv"
0,"results/H40P360.smi.csv"
0,"results/H40P370.smi.csv"
0,"results/H40P380.smi.csv"
0,"results/H40P390.smi.csv"
0,"results/H40P400.smi.csv"
0,"results/H40P410.smi.csv"
0,"results/H40P420.smi.csv"
0,"results/H40P430.smi.csv"
0,"results/H40P440.smi.csv"
0,"results/H40P450.smi.csv"
0,"results/H40P460.smi.csv"
0,"results/H40P470.smi.csv"
0,"results/H40P480.smi.csv"
0,"results/H40P490.smi.csv"
0,"results/H40P500.smi.csv"
0,"results/H40P600.smi.csv"
0,"results/H40P700.smi.csv"
