name,target,smiles
lig_27,-35.320187263619104,[H]c1c(c(c(c(c1[H])[H])OC([H])([H])C([H])([H])C([H])([H])C2=C(N(c3c2c(c(c(c3[H])[H])[H])[H])[H])C(=O)[O-])[H])[H]
lig_28,-39.158609891428576,[H]c1c(c(c2c(c1[H])C(=C(N2[H])C(=O)[O-])C([H])([H])C([H])([H])C([H])([H])Oc3c(c(c(c(c3C([H])([H])[H])[H])[H])[H])[H])[H])[H]
lig_30,-37.431252136952345,[H]c1c(c(c2c(c1[H])C(=C(N2[H])C(=O)[O-])C([H])([H])C([H])([H])C([H])([H])Oc3c(c(c(c(c3[H])C([H])([H])[H])[H])[H])[H])[H])[H]
lig_31,-34.587828758095256,[H]c1c(c(c2c(c1[H])C(=C(N2[H])C(=O)[O-])C([H])([H])C([H])([H])C([H])([H])Oc3c(c(c(c(c3[H])C(F)(F)F)[H])[H])[H])[H])[H]
lig_32,-32.94398866514275,[H]c1c(c(c2c(c1[H])C(=C(N2[H])C(=O)[O-])C([H])([H])C([H])([H])C([H])([H])Oc3c(c(c(c(c3[H])[H])C([H])([H])[H])[H])[H])[H])[H]
lig_33,-36.54851843771432,[H]c1c(c(c2c(c1[H])C(=C(N2[H])C(=O)[O-])C([H])([H])C([H])([H])C([H])([H])Oc3c(c(c(c(c3[H])[H])Cl)[H])[H])[H])[H]
lig_34,-38.83340827199995,[H]c1c(c(c2c(c1[H])C(=C(N2[H])C(=O)[O-])C([H])([H])C([H])([H])C([H])([H])Oc3c(c(c(c(c3[H])[H])C(F)(F)F)[H])[H])[H])[H]
lig_35,-36.76821048076189,[H]c1c(c(c2c(c1[H])C(=C(N2[H])C(=O)[O-])C([H])([H])C([H])([H])C([H])([H])Oc3c(c(c(c(c3[H])C([H])([H])[H])Cl)[H])[H])[H])[H]
lig_36,-40.7002958937143,[H]c1c(c(c2c(c1[H])C(=C(N2[H])C(=O)[O-])C([H])([H])C([H])([H])C([H])([H])Oc3c(c(c(c(c3[H])C([H])([H])C([H])([H])[H])Cl)[H])[H])[H])[H]
lig_37,-44.91313622685708,[H]c1c(c(c2c(c1[H])C(=C(N2[H])C(=O)[O-])C([H])([H])C([H])([H])C([H])([H])Oc3c(c(c(c(c3[H])C([H])([H])[H])Cl)C([H])([H])[H])[H])[H])[H]
lig_43,-44.474498471809504,[H]c1c(c(c2c(c(c(c(c2c1[H])[H])[H])OC([H])([H])C([H])([H])C([H])([H])C3=C(N(c4c3c(c(c(c4[H])[H])[H])[H])[H])C(=O)[O-])[H])[H])[H]
lig_46,-47.5334960582857,[H]c1c(c(c2c(c1[H])C(=C(N2[H])C(=O)[O-])C([H])([H])C([H])([H])C([H])([H])Oc3c(c(c4c(c3[H])C(C(C4([H])[H])([H])[H])([H])[H])[H])[H])[H])[H]
lig_47,-38.789743863238144,[H]c1c(c(c2c(c1[H])C(=C(N2[H])C(=O)[O-])C([H])([H])C([H])([H])C([H])([H])Oc3c(c(c4c(c3[H])c(c(c(n4)[H])[H])[H])[H])[H])[H])[H]
lig_48,-42.78675082495239,[H]c1c(c(c2c(c1[H])C(=C(N2[H])C(=O)[O-])C([H])([H])C([H])([H])C([H])([H])Oc3c(c(c(c4c3C(=C(N4[H])[H])[H])[H])[H])[H])[H])[H]
lig_49,-41.65091080152379,[H]c1c(c2c(c(c1[H])Cl)C(=C(N2[H])C(=O)[O-])C([H])([H])C([H])([H])C([H])([H])Oc3c(c(c(c(c3[H])C([H])([H])[H])Cl)[H])[H])[H]
lig_50,-46.33376799447619,[H]c1c(c2c(c(c1[H])Cl)C(=C(N2[H])C(=O)[O-])C([H])([H])C([H])([H])C([H])([H])Oc3c(c(c(c(c3[H])C([H])([H])[H])Cl)C([H])([H])[H])[H])[H]
lig_52,-46.89568784571425,[H]c1c(c(c(c2c1C(=C(N2[H])C(=O)[O-])C([H])([H])C([H])([H])C([H])([H])Oc3c(c(c(c(c3[H])C([H])([H])[H])Cl)[H])[H])[H])Cl)[H]
lig_53,-50.83405494552376,[H]c1c(c(c(c2c1C(=C(N2[H])C(=O)[O-])C([H])([H])C([H])([H])C([H])([H])Oc3c(c(c(c(c3[H])C([H])([H])[H])Cl)C([H])([H])[H])[H])[H])Cl)[H]
lig_56,-39.54443373390477,[H]c1c(c(c2c(c1[H])C(=C(N2C([H])([H])[H])C(=O)[O-])C([H])([H])C([H])([H])C([H])([H])Oc3c(c(c(c(c3[H])C([H])([H])[H])Cl)C([H])([H])[H])[H])[H])[H]
lig_58,-46.525101102857185,[H]c1c(c(c(c2c1C(=C(N2C([H])([H])[H])C(=O)[O-])C([H])([H])C([H])([H])C([H])([H])Oc3c(c(c(c(c3[H])C([H])([H])[H])Cl)C([H])([H])[H])[H])[H])Cl)[H]
lig_60,-47.06597100685716,[H]c1c(c(c2c(c1[H])C(=C(S2)C(=O)[O-])C([H])([H])C([H])([H])C([H])([H])Oc3c(c(c(c(c3[H])C([H])([H])[H])Cl)C([H])([H])[H])[H])[H])[H]
lig_61,-45.76096268152377,[H]c1c(c2c(c(c1[H])Cl)C(=C(S2)C(=O)[O-])C([H])([H])C([H])([H])C([H])([H])Oc3c(c(c(c(c3[H])C([H])([H])[H])Cl)C([H])([H])[H])[H])[H]
lig_63,-53.78585950457144,[H]c1c(c(c(c2c1C(=C(S2)C(=O)[O-])C([H])([H])C([H])([H])C([H])([H])Oc3c(c(c(c(c3[H])C([H])([H])[H])Cl)C([H])([H])[H])[H])[H])Cl)[H]
lig_65,-47.29319149714289,[H]c1c(c2c(c(c1[H])Cl)SC(=C2C([H])([H])C([H])([H])C([H])([H])Oc3c(c(c(c(c3[H])C([H])([H])[H])Cl)C([H])([H])[H])[H])C(=O)[O-])[H]
lig_67,-43.73925634533339,[H]c1c(c(c2c(c1[H])C(=C(O2)C(=O)[O-])C([H])([H])C([H])([H])C([H])([H])Oc3c(c(c(c(c3[H])C([H])([H])[H])Cl)C([H])([H])[H])[H])[H])[H]
