smiles,ki,error
[H]c1c(c(c(c(c1[H])[H])OC([H])([H])C([H])([H])C([H])([H])C2=C(N(c3c2c(c(c(c3[H])[H])[H])[H])[H])C(=O)[O-])[H])[H],35.0,7.1
[H]c1c(c(c2c(c1[H])C(=C(N2[H])C(=O)[O-])C([H])([H])C([H])([H])C([H])([H])Oc3c(c(c(c(c3C([H])([H])[H])[H])[H])[H])[H])[H])[H],15.0,0.7
[H]c1c(c(c2c(c1[H])C(=C(N2[H])C(=O)[O-])C([H])([H])C([H])([H])C([H])([H])Oc3c(c(c(c(c3[H])C([H])([H])[H])[H])[H])[H])[H])[H],1.9,0.6
[H]c1c(c(c2c(c1[H])C(=C(N2[H])C(=O)[O-])C([H])([H])C([H])([H])C([H])([H])Oc3c(c(c(c(c3[H])C(F)(F)F)[H])[H])[H])[H])[H],1.7,0.08
[H]c1c(c(c2c(c1[H])C(=C(N2[H])C(=O)[O-])C([H])([H])C([H])([H])C([H])([H])Oc3c(c(c(c(c3[H])[H])C([H])([H])[H])[H])[H])[H])[H],16.0,3.1
[H]c1c(c(c2c(c1[H])C(=C(N2[H])C(=O)[O-])C([H])([H])C([H])([H])C([H])([H])Oc3c(c(c(c(c3[H])[H])Cl)[H])[H])[H])[H],9.8,2.9
[H]c1c(c(c2c(c1[H])C(=C(N2[H])C(=O)[O-])C([H])([H])C([H])([H])C([H])([H])Oc3c(c(c(c(c3[H])[H])C(F)(F)F)[H])[H])[H])[H],9.9,3.2
[H]c1c(c(c2c(c1[H])C(=C(N2[H])C(=O)[O-])C([H])([H])C([H])([H])C([H])([H])Oc3c(c(c(c(c3[H])C([H])([H])[H])Cl)[H])[H])[H])[H],0.38,0.14
[H]c1c(c(c2c(c1[H])C(=C(N2[H])C(=O)[O-])C([H])([H])C([H])([H])C([H])([H])Oc3c(c(c(c(c3[H])C([H])([H])C([H])([H])[H])Cl)[H])[H])[H])[H],1.1,0.1
[H]c1c(c(c2c(c1[H])C(=C(N2[H])C(=O)[O-])C([H])([H])C([H])([H])C([H])([H])Oc3c(c(c(c(c3[H])C([H])([H])[H])Cl)C([H])([H])[H])[H])[H])[H],0.3,0.15
[H]c1c(c(c2c(c(c(c(c2c1[H])[H])[H])OC([H])([H])C([H])([H])C([H])([H])C3=C(N(c4c3c(c(c(c4[H])[H])[H])[H])[H])C(=O)[O-])[H])[H])[H],7.5,0.6
[H]c1c(c(c2c(c1[H])C(=C(N2[H])C(=O)[O-])C([H])([H])C([H])([H])C([H])([H])Oc3c(c(c4c(c3[H])C(C(C4([H])[H])([H])[H])([H])[H])[H])[H])[H])[H],2.9,0.1
[H]c1c(c(c2c(c1[H])C(=C(N2[H])C(=O)[O-])C([H])([H])C([H])([H])C([H])([H])Oc3c(c(c4c(c3[H])c(c(c(n4)[H])[H])[H])[H])[H])[H])[H],62.0,17.0
[H]c1c(c(c2c(c1[H])C(=C(N2[H])C(=O)[O-])C([H])([H])C([H])([H])C([H])([H])Oc3c(c(c(c4c3C(=C(N4[H])[H])[H])[H])[H])[H])[H])[H],14.0,0.3
[H]c1c(c2c(c(c1[H])Cl)C(=C(N2[H])C(=O)[O-])C([H])([H])C([H])([H])C([H])([H])Oc3c(c(c(c(c3[H])C([H])([H])[H])Cl)[H])[H])[H],0.81,0.16
[H]c1c(c2c(c(c1[H])Cl)C(=C(N2[H])C(=O)[O-])C([H])([H])C([H])([H])C([H])([H])Oc3c(c(c(c(c3[H])C([H])([H])[H])Cl)C([H])([H])[H])[H])[H],0.16,0.04
[H]c1c(c(c(c2c1C(=C(N2[H])C(=O)[O-])C([H])([H])C([H])([H])C([H])([H])Oc3c(c(c(c(c3[H])C([H])([H])[H])Cl)[H])[H])[H])Cl)[H],0.19,0.02
[H]c1c(c(c(c2c1C(=C(N2[H])C(=O)[O-])C([H])([H])C([H])([H])C([H])([H])Oc3c(c(c(c(c3[H])C([H])([H])[H])Cl)C([H])([H])[H])[H])[H])Cl)[H],0.055,0.018
[H]c1c(c(c2c(c1[H])C(=C(N2C([H])([H])[H])C(=O)[O-])C([H])([H])C([H])([H])C([H])([H])Oc3c(c(c(c(c3[H])C([H])([H])[H])Cl)C([H])([H])[H])[H])[H])[H],0.18,0.01
[H]c1c(c(c(c2c1C(=C(N2C([H])([H])[H])C(=O)[O-])C([H])([H])C([H])([H])C([H])([H])Oc3c(c(c(c(c3[H])C([H])([H])[H])Cl)C([H])([H])[H])[H])[H])Cl)[H],0.14,0.01
[H]c1c(c(c2c(c1[H])C(=C(S2)C(=O)[O-])C([H])([H])C([H])([H])C([H])([H])Oc3c(c(c(c(c3[H])C([H])([H])[H])Cl)C([H])([H])[H])[H])[H])[H],0.32,0.01
[H]c1c(c2c(c(c1[H])Cl)C(=C(S2)C(=O)[O-])C([H])([H])C([H])([H])C([H])([H])Oc3c(c(c(c(c3[H])C([H])([H])[H])Cl)C([H])([H])[H])[H])[H],1.3,0.52
[H]c1c(c(c(c2c1C(=C(S2)C(=O)[O-])C([H])([H])C([H])([H])C([H])([H])Oc3c(c(c(c(c3[H])C([H])([H])[H])Cl)C([H])([H])[H])[H])[H])Cl)[H],0.25,0.04
[H]c1c(c2c(c(c1[H])Cl)SC(=C2C([H])([H])C([H])([H])C([H])([H])Oc3c(c(c(c(c3[H])C([H])([H])[H])Cl)C([H])([H])[H])[H])C(=O)[O-])[H],0.75,0.24
[H]c1c(c(c2c(c1[H])C(=C(O2)C(=O)[O-])C([H])([H])C([H])([H])C([H])([H])Oc3c(c(c(c(c3[H])C([H])([H])[H])Cl)C([H])([H])[H])[H])[H])[H],3.0,0.1
